symbol,name,last_price,latest_date
000001.SZ,平安银行,10.24,2026-06-29
000002.SZ,万  科Ａ,3.04,2026-06-29
000006.SZ,深振业Ａ,7.33,2026-06-29
000007.SZ,全新好,12.29,2026-06-29
000008.SZ,神州高铁,2.35,2026-06-29
000009.SZ,中国宝安,6.14,2026-06-29
000011.SZ,深物业A,6.58,2026-06-29
000012.SZ,南  玻Ａ,4.69,2026-06-29
000014.SZ,沙河股份,9.18,2026-06-29
000017.SZ,深中华A,5.56,2026-06-29
000019.SZ,深粮控股,5.8,2026-06-29
000020.SZ,深华发Ａ,10.76,2026-06-29
000025.SZ,特  力Ａ,13.32,2026-06-29
000026.SZ,飞亚达,19.58,2026-06-29
000027.SZ,深圳能源,6.35,2026-06-29
000028.SZ,国药一致,19.4,2026-06-29
000029.SZ,深深房Ａ,22.06,2026-06-29
000030.SZ,富奥股份,3.92,2026-06-29
000031.SZ,大悦城,2.16,2026-06-29
000032.SZ,深桑达Ａ,24.08,2026-06-29
000034.SZ,神州数码,25.81,2026-06-29
000035.SZ,中国天楹,4.88,2026-06-29
000036.SZ,华联控股,4.47,2026-06-29
000037.SZ,深南电A,8.87,2026-06-29
000039.SZ,中集集团,8.19,2026-06-29
000042.SZ,中洲控股,8.21,2026-06-29
000045.SZ,深纺织Ａ,9.95,2026-06-29
000048.SZ,京基智农,21.21,2026-06-29
000049.SZ,德赛电池,22.82,2026-06-29
000050.SZ,深天马Ａ,9.48,2026-06-29
000055.SZ,方大集团,3.33,2026-06-29
000058.SZ,深 赛 格,6.1,2026-06-29
000059.SZ,华锦股份,3.82,2026-06-29
000060.SZ,中金岭南,7.82,2026-06-29
000061.SZ,农 产 品,5.51,2026-06-29
000062.SZ,深圳华强,29.7,2026-06-29
000063.SZ,中兴通讯,35.2,2026-06-29
000065.SZ,北方国际,10.01,2026-06-29
000066.SZ,中国长城,18.99,2026-06-29
000068.SZ,华控赛格,2.81,2026-06-29
000070.SZ,特发信息,20.37,2026-06-29
000088.SZ,盐 田 港,4.08,2026-06-29
000089.SZ,深圳机场,6.14,2026-06-29
000090.SZ,天健集团,3.11,2026-06-29
000096.SZ,广聚能源,7.0,2026-06-29
000099.SZ,中信海直,14.48,2026-06-29
000100.SZ,TCL科技,5.29,2026-06-29
000151.SZ,中成股份,10.8,2026-06-29
000153.SZ,丰原药业,5.2,2026-06-29
000155.SZ,川能动力,11.89,2026-06-29
000156.SZ,华数传媒,6.43,2026-06-29
000157.SZ,中联重科,7.21,2026-06-29
000158.SZ,常山北明,12.73,2026-06-29
000159.SZ,国际实业,5.29,2026-06-29
000166.SZ,申万宏源,4.46,2026-06-29
000301.SZ,东方盛虹,11.3,2026-06-29
000338.SZ,潍柴动力,26.19,2026-06-29
000400.SZ,许继电气,21.59,2026-06-29
000401.SZ,金隅冀东,3.43,2026-06-29
000402.SZ,金 融 街,2.51,2026-06-29
000403.SZ,派林生物,9.17,2026-06-29
000404.SZ,长虹华意,8.06,2026-06-29
000407.SZ,胜利股份,3.69,2026-06-29
000409.SZ,云鼎科技,8.17,2026-06-29
000410.SZ,沈阳机床,4.58,2026-06-29
000411.SZ,英特集团,9.23,2026-06-29
000415.SZ,渤海租赁,4.11,2026-06-29
000417.SZ,合百集团,8.6,2026-06-29
000419.SZ,通程控股,4.59,2026-06-29
000420.SZ,吉林化纤,4.2,2026-06-29
000421.SZ,南京公用,5.03,2026-06-29
000422.SZ,湖北宜化,13.58,2026-06-29
000425.SZ,徐工机械,8.46,2026-06-29
000426.SZ,兴业银锡,33.27,2026-06-29
000428.SZ,华天酒店,3.1,2026-06-29
000429.SZ,粤高速Ａ,13.82,2026-06-29
000430.SZ,张家界,7.44,2026-06-29
000498.SZ,山东路桥,4.82,2026-06-29
000501.SZ,武商集团,6.72,2026-06-29
000503.SZ,国新健康,6.27,2026-06-29
000504.SZ,南华生物,7.41,2026-06-29
000505.SZ,京粮控股,5.09,2026-06-29
000506.SZ,招金黄金,11.91,2026-06-29
000507.SZ,珠海港,4.78,2026-06-29
000509.SZ,华塑控股,3.53,2026-06-29
000510.SZ,新金路,26.3,2026-06-29
000513.SZ,丽珠集团,29.88,2026-06-29
000514.SZ,渝 开 发,3.67,2026-06-29
000516.SZ,国际医学,3.98,2026-06-29
000518.SZ,四环生物,3.18,2026-06-29
000519.SZ,中兵红箭,19.62,2026-06-29
000520.SZ,凤凰航运,3.65,2026-06-29
000521.SZ,长虹美菱,5.49,2026-06-29
000523.SZ,红棉股份,2.58,2026-06-29
000525.SZ,红太阳,3.92,2026-06-29
000526.SZ,学大教育,25.65,2026-06-29
000528.SZ,柳    工,7.71,2026-06-29
000529.SZ,广弘控股,4.4,2026-06-29
000530.SZ,冰山冷热,5.16,2026-06-29
000531.SZ,穗恒运Ａ,6.12,2026-06-29
000532.SZ,华金资本,10.64,2026-06-29
000533.SZ,顺钠股份,9.45,2026-06-29
000534.SZ,万泽股份,27.65,2026-06-29
000536.SZ,华映科技,3.09,2026-06-29
000537.SZ,绿发电力,7.42,2026-06-29
000539.SZ,粤电力Ａ,6.83,2026-06-29
000541.SZ,佛山照明,5.29,2026-06-29
000543.SZ,皖能电力,7.76,2026-06-29
000544.SZ,中原环保,7.14,2026-06-29
000545.SZ,金浦钛业,2.4,2026-06-29
000546.SZ,金圆股份,4.8,2026-06-29
000547.SZ,航天发展,18.3,2026-06-29
000548.SZ,湖南投资,4.13,2026-06-29
000550.SZ,江铃汽车,16.32,2026-06-29
000551.SZ,创元科技,20.08,2026-06-29
000552.SZ,甘肃能化,2.3,2026-06-29
000553.SZ,安道麦A,5.5,2026-06-29
000554.SZ,泰山石油,5.68,2026-06-29
000555.SZ,神州信息,10.27,2026-06-29
000557.SZ,西部创业,3.48,2026-06-29
000558.SZ,天府文旅,3.15,2026-06-29
000559.SZ,万向钱潮,12.51,2026-06-29
000560.SZ,我爱我家,2.07,2026-06-29
000561.SZ,烽火电子,7.2,2026-06-29
000563.SZ,陕国投Ａ,2.81,2026-06-29
000565.SZ,渝三峡Ａ,5.7,2026-06-29
000566.SZ,海南海药,4.54,2026-06-29
000567.SZ,海德股份,5.74,2026-06-29
000570.SZ,苏常柴Ａ,4.7,2026-06-29
000571.SZ,新大洲A,6.3,2026-06-29
000572.SZ,海马汽车,3.69,2026-06-29
000573.SZ,粤宏远Ａ,3.52,2026-06-29
000576.SZ,甘化科工,6.51,2026-06-29
000581.SZ,威孚高科,16.9,2026-06-29
000582.SZ,北部湾港,10.53,2026-06-29
000586.SZ,汇源通信,12.97,2026-06-29
000589.SZ,贵州轮胎,4.12,2026-06-29
000590.SZ,古汉医药,8.45,2026-06-29
000591.SZ,太阳能,4.56,2026-06-29
000592.SZ,平潭发展,6.61,2026-06-29
000593.SZ,德龙汇能,19.9,2026-06-29
000597.SZ,东北制药,4.4,2026-06-29
000598.SZ,兴蓉环境,6.46,2026-06-29
000599.SZ,青岛双星,4.26,2026-06-29
000600.SZ,建投能源,8.88,2026-06-29
000601.SZ,韶能股份,5.94,2026-06-29
000603.SZ,盛达资源,21.0,2026-06-29
000605.SZ,渤海股份,5.43,2026-06-29
000607.SZ,华媒控股,3.1,2026-06-29
000608.SZ,阳光股份,6.31,2026-06-29
000612.SZ,焦作万方,10.93,2026-06-29
000617.SZ,中油资本,6.68,2026-06-29
000619.SZ,海螺新材,4.46,2026-06-29
000620.SZ,盈新发展,3.18,2026-06-29
000623.SZ,吉林敖东,18.1,2026-06-29
000625.SZ,长安汽车,7.23,2026-06-29
000626.SZ,远大控股,6.4,2026-06-29
000629.SZ,钒钛股份,3.33,2026-06-29
000630.SZ,铜陵有色,6.37,2026-06-29
000631.SZ,顺发恒能,3.03,2026-06-29
000633.SZ,合金投资,4.76,2026-06-29
000635.SZ,英 力 特,6.13,2026-06-29
000637.SZ,茂化实华,3.54,2026-06-29
000650.SZ,仁和药业,5.08,2026-06-29
000651.SZ,格力电器,37.92,2026-06-29
000652.SZ,泰达股份,3.38,2026-06-29
000655.SZ,金岭矿业,6.45,2026-06-29
000659.SZ,珠海中富,3.11,2026-06-29
000663.SZ,永安林业,5.16,2026-06-29
000665.SZ,湖北广电,3.64,2026-06-29
000668.SZ,荣丰控股,22.8,2026-06-29
000670.SZ,盈方微,7.12,2026-06-29
000672.SZ,上峰材料,22.26,2026-06-29
000676.SZ,智度股份,5.1,2026-06-29
000678.SZ,襄阳轴承,8.35,2026-06-29
000679.SZ,大连友谊,6.21,2026-06-29
000680.SZ,山推股份,9.89,2026-06-29
000681.SZ,视觉中国,19.57,2026-06-29
000682.SZ,东方电子,12.56,2026-06-29
000683.SZ,博源化工,5.95,2026-06-29
000685.SZ,中山公用,11.12,2026-06-29
000686.SZ,东北证券,8.46,2026-06-29
000688.SZ,国城矿业,33.42,2026-06-29
000690.SZ,宝新能源,4.75,2026-06-29
000691.SZ,亚太实业,11.66,2026-06-29
000692.SZ,惠天热电,4.01,2026-06-29
000695.SZ,滨海能源,12.35,2026-06-29
000697.SZ,炼石航空,10.33,2026-06-29
000700.SZ,模塑科技,13.86,2026-06-29
000701.SZ,厦门信达,4.4,2026-06-29
000702.SZ,正虹科技,5.01,2026-06-29
000703.SZ,恒逸石化,15.0,2026-06-29
000705.SZ,浙江震元,6.03,2026-06-29
000707.SZ,双环科技,4.31,2026-06-29
000708.SZ,中信特钢,12.97,2026-06-29
000710.SZ,贝瑞基因,7.64,2026-06-29
000712.SZ,锦龙股份,8.6,2026-06-29
000713.SZ,国投丰乐,5.32,2026-06-29
000715.SZ,中兴商业,4.73,2026-06-29
000716.SZ,黑芝麻,4.1,2026-06-29
000717.SZ,中南股份,2.0,2026-06-29
000719.SZ,中原传媒,11.39,2026-06-29
000720.SZ,新能泰山,3.65,2026-06-29
000721.SZ,西安饮食,5.52,2026-06-29
000722.SZ,湖南发展,11.75,2026-06-29
000723.SZ,美锦能源,3.43,2026-06-29
000725.SZ,京东方Ａ,7.95,2026-06-29
000726.SZ,鲁  泰Ａ,5.5,2026-06-29
000727.SZ,冠捷科技,2.53,2026-06-29
000728.SZ,国元证券,7.53,2026-06-29
000729.SZ,燕京啤酒,10.28,2026-06-29
000731.SZ,四川美丰,5.22,2026-06-29
000735.SZ,罗 牛 山,4.83,2026-06-29
000736.SZ,中交发展,3.71,2026-06-29
000737.SZ,北方铜业,13.35,2026-06-29
000738.SZ,航发控制,17.52,2026-06-29
000739.SZ,普洛药业,17.03,2026-06-29
000750.SZ,国海证券,3.7,2026-06-29
000751.SZ,锌业股份,6.22,2026-06-29
000753.SZ,漳州发展,4.49,2026-06-29
000755.SZ,山西高速,4.33,2026-06-29
000756.SZ,新华制药,13.59,2026-06-29
000757.SZ,浩物股份,3.44,2026-06-29
000758.SZ,中色股份,6.73,2026-06-29
000759.SZ,中百集团,6.31,2026-06-29
000761.SZ,本钢板材,2.18,2026-06-29
000762.SZ,西藏矿业,26.02,2026-06-29
000766.SZ,通化金马,21.56,2026-06-29
000767.SZ,晋控电力,3.92,2026-06-29
000768.SZ,中航西飞,20.17,2026-06-29
000776.SZ,广发证券,23.26,2026-06-29
000777.SZ,中核科技,18.48,2026-06-29
000778.SZ,新兴铸管,3.72,2026-06-29
000779.SZ,甘咨询,7.75,2026-06-29
000782.SZ,恒申新材,7.88,2026-06-29
000783.SZ,长江证券,9.45,2026-06-29
000786.SZ,北新建材,18.25,2026-06-29
000788.SZ,北大医药,5.0,2026-06-29
000789.SZ,万年青,3.87,2026-06-29
000790.SZ,华神科技,3.59,2026-06-29
000791.SZ,甘肃能源,7.81,2026-06-29
000792.SZ,盐湖股份,29.63,2026-06-29
000795.SZ,英洛华,8.44,2026-06-29
000796.SZ,凯撒旅业,3.79,2026-06-29
000797.SZ,中国武夷,2.18,2026-06-29
000798.SZ,中水渔业,7.07,2026-06-29
000800.SZ,一汽解放,5.96,2026-06-29
000801.SZ,四川九洲,11.76,2026-06-29
000802.SZ,北京文化,3.48,2026-06-29
000803.SZ,山高环能,6.68,2026-06-29
000807.SZ,云铝股份,23.16,2026-06-29
000809.SZ,和展能源,3.24,2026-06-29
000810.SZ,创维数字,12.6,2026-06-29
000812.SZ,陕西金叶,3.15,2026-06-29
000813.SZ,德展健康,3.12,2026-06-29
000815.SZ,美利云,14.1,2026-06-29
000816.SZ,智慧农业,2.27,2026-06-29
000818.SZ,航锦科技,13.2,2026-06-29
000819.SZ,岳阳兴长,11.4,2026-06-29
000822.SZ,山东海化,4.08,2026-06-29
000823.SZ,超声电子,25.94,2026-06-29
000825.SZ,太钢不锈,3.45,2026-06-29
000828.SZ,东莞控股,9.46,2026-06-29
000829.SZ,天音控股,7.09,2026-06-29
000830.SZ,鲁西化工,12.45,2026-06-29
000833.SZ,粤桂股份,23.46,2026-06-29
000837.SZ,秦川机床,10.51,2026-06-29
000839.SZ,国安股份,2.53,2026-06-29
000848.SZ,承德露露,7.45,2026-06-29
000850.SZ,华茂股份,3.58,2026-06-29
000852.SZ,石化机械,5.01,2026-06-29
000856.SZ,冀东装备,7.21,2026-06-29
000859.SZ,国风新材,9.12,2026-06-29
000860.SZ,顺鑫农业,9.96,2026-06-29
000862.SZ,银星能源,4.79,2026-06-29
000863.SZ,三湘印象,4.06,2026-06-29
000868.SZ,安凯客车,3.31,2026-06-29
000869.SZ,张  裕Ａ,15.86,2026-06-29
000875.SZ,电投绿能,5.17,2026-06-29
000876.SZ,新 希 望,6.44,2026-06-29
000877.SZ,天山股份,3.7,2026-06-29
000878.SZ,云南铜业,16.31,2026-06-29
000880.SZ,潍柴重机,21.98,2026-06-29
000881.SZ,中广核技,6.31,2026-06-29
000883.SZ,湖北能源,4.39,2026-06-29
000885.SZ,城发环境,12.37,2026-06-29
000886.SZ,海南高速,4.08,2026-06-29
000887.SZ,中鼎股份,16.89,2026-06-29
000888.SZ,峨眉山Ａ,9.01,2026-06-29
000889.SZ,中嘉博创,3.33,2026-06-29
000890.SZ,法尔胜,7.97,2026-06-29
000892.SZ,欢瑞世纪,3.29,2026-06-29
000895.SZ,双汇发展,22.79,2026-06-29
000899.SZ,赣能股份,9.84,2026-06-29
000900.SZ,现代投资,3.52,2026-06-29
000901.SZ,航天科技,17.15,2026-06-29
000902.SZ,新洋丰,12.03,2026-06-29
000905.SZ,厦门港务,7.88,2026-06-29
000906.SZ,浙商中拓,5.15,2026-06-29
000908.SZ,景峰医药,5.48,2026-06-29
000910.SZ,大亚圣象,5.13,2026-06-29
000912.SZ,泸天化,3.27,2026-06-29
000913.SZ,钱江摩托,10.36,2026-06-29
000915.SZ,华特达因,28.31,2026-06-29
000917.SZ,电广传媒,6.6,2026-06-29
000919.SZ,金陵药业,5.98,2026-06-29
000920.SZ,沃顿科技,15.7,2026-06-29
000921.SZ,海信家电,27.9,2026-06-29
000922.SZ,佳电股份,13.52,2026-06-29
000923.SZ,河钢资源,12.7,2026-06-29
000925.SZ,众合科技,9.19,2026-06-29
000927.SZ,中国铁物,2.31,2026-06-29
000928.SZ,中钢国际,5.1,2026-06-29
000929.SZ,兰州黄河,8.9,2026-06-29
000930.SZ,中粮科技,4.36,2026-06-29
000931.SZ,中 关 村,4.18,2026-06-29
000932.SZ,华菱钢铁,3.44,2026-06-29
000933.SZ,神火股份,22.0,2026-06-29
000935.SZ,四川双马,25.85,2026-06-29
000936.SZ,华西股份,5.23,2026-06-29
000937.SZ,冀中能源,4.01,2026-06-29
000938.SZ,紫光股份,26.24,2026-06-29
000948.SZ,南天信息,11.82,2026-06-29
000949.SZ,新乡化纤,6.62,2026-06-29
000950.SZ,重药控股,5.12,2026-06-29
000951.SZ,中国重汽,20.09,2026-06-29
000952.SZ,广济药业,5.62,2026-06-29
000953.SZ,中哲精化,5.32,2026-06-29
000955.SZ,欣龙控股,4.42,2026-06-29
000957.SZ,中通客车,9.4,2026-06-29
000958.SZ,电投产融,5.74,2026-06-29
000959.SZ,首钢股份,3.44,2026-06-29
000963.SZ,华东医药,28.72,2026-06-29
000965.SZ,天保基建,2.96,2026-06-29
000966.SZ,长源电力,3.96,2026-06-29
000967.SZ,盈峰环境,9.57,2026-06-29
000968.SZ,蓝焰控股,6.08,2026-06-29
000969.SZ,安泰科技,23.97,2026-06-29
000970.SZ,中科三环,13.81,2026-06-29
000972.SZ,中基健康,3.29,2026-06-29
000973.SZ,佛塑科技,14.21,2026-06-29
000975.SZ,山金国际,17.45,2026-06-29
000978.SZ,桂林旅游,5.27,2026-06-29
000981.SZ,山子高科,2.83,2026-06-29
000983.SZ,山西焦煤,6.01,2026-06-29
000985.SZ,大庆华科,14.39,2026-06-29
000987.SZ,越秀资本,7.86,2026-06-29
000989.SZ,九芝堂,7.98,2026-06-29
000990.SZ,诚志股份,8.24,2026-06-29
000993.SZ,闽东电力,9.86,2026-06-29
000995.SZ,皇台酒业,9.67,2026-06-29
000997.SZ,新 大 陆,15.75,2026-06-29
000998.SZ,隆平高科,7.63,2026-06-29
000999.SZ,华润三九,23.25,2026-06-29
001201.SZ,东瑞股份,10.9,2026-06-29
001202.SZ,炬申股份,13.47,2026-06-29
001203.SZ,大中矿业,30.13,2026-06-29
001205.SZ,盛航股份,13.86,2026-06-29
001206.SZ,依依股份,20.31,2026-06-29
001207.SZ,联科科技,15.68,2026-06-29
001208.SZ,华菱线缆,13.89,2026-06-29
001209.SZ,洪兴股份,16.22,2026-06-29
001210.SZ,金房能源,22.45,2026-06-29
001211.SZ,双枪科技,24.5,2026-06-29
001213.SZ,中铁特货,3.45,2026-06-29
001215.SZ,千味央厨,35.25,2026-06-29
001216.SZ,华瓷股份,14.7,2026-06-29
001217.SZ,华尔泰,8.56,2026-06-29
001218.SZ,丽臣实业,22.61,2026-06-29
001219.SZ,青岛食品,11.65,2026-06-29
001220.SZ,世盟股份,28.32,2026-06-29
001222.SZ,源飞宠物,13.46,2026-06-29
001225.SZ,和泰机电,39.26,2026-06-29
001227.SZ,兰州银行,2.02,2026-06-29
001228.SZ,永泰运,25.68,2026-06-29
001229.SZ,魅视科技,33.02,2026-06-29
001230.SZ,劲旅环境,15.64,2026-06-29
001231.SZ,农心科技,18.33,2026-06-29
001234.SZ,泰慕士,19.98,2026-06-29
001236.SZ,弘业期货,6.89,2026-06-29
001238.SZ,浙江正特,27.22,2026-06-29
001239.SZ,永达股份,13.34,2026-06-29
001255.SZ,博菲电气,25.55,2026-06-29
001256.SZ,炜冈科技,26.49,2026-06-29
001257.SZ,盛龙股份,29.22,2026-06-29
001258.SZ,立新能源,7.0,2026-06-29
001260.SZ,坤泰股份,15.77,2026-06-29
001268.SZ,联合精密,35.96,2026-06-29
001269.SZ,欧晶科技,20.8,2026-06-29
001277.SZ,速达股份,27.91,2026-06-29
001278.SZ,一彬科技,15.32,2026-06-29
001279.SZ,强邦新材,26.98,2026-06-29
001282.SZ,三联锻造,20.9,2026-06-29
001286.SZ,陕西能源,10.46,2026-06-29
001287.SZ,中电港,29.09,2026-06-29
001288.SZ,运机集团,24.18,2026-06-29
001289.SZ,龙源电力,16.12,2026-06-29
001296.SZ,长江材料,19.2,2026-06-29
001298.SZ,好上好,19.67,2026-06-29
001299.SZ,美能能源,9.97,2026-06-29
001300.SZ,三柏硕,11.39,2026-06-29
001308.SZ,康冠科技,19.83,2026-06-29
001311.SZ,多利科技,16.07,2026-06-29
001312.SZ,福恩股份,18.59,2026-06-29
001313.SZ,粤海饲料,7.07,2026-06-29
001316.SZ,润贝航科,32.11,2026-06-29
001317.SZ,三羊马,39.01,2026-06-29
001318.SZ,阳光乳业,10.08,2026-06-29
001319.SZ,铭科精技,19.35,2026-06-29
001322.SZ,箭牌家居,6.3,2026-06-29
001323.SZ,慕思股份,16.18,2026-06-29
001324.SZ,长青科技,17.93,2026-06-29
001325.SZ,元创股份,35.04,2026-06-29
001328.SZ,登康口腔,26.54,2026-06-29
001330.SZ,博纳影业,5.7,2026-06-29
001332.SZ,锡装股份,39.21,2026-06-29
001333.SZ,光华股份,18.51,2026-06-29
001336.SZ,楚环科技,22.11,2026-06-29
001337.SZ,四川黄金,36.96,2026-06-29
001338.SZ,永顺泰,8.59,2026-06-29
001356.SZ,富岭股份,8.35,2026-06-29
001358.SZ,兴欣新材,23.49,2026-06-29
001360.SZ,南矿集团,17.92,2026-06-29
001365.SZ,天海电子,37.8,2026-06-29
001366.SZ,播恩集团,11.05,2026-06-29
001367.SZ,海森药业,18.88,2026-06-29
001368.SZ,通达创智,20.81,2026-06-29
001369.SZ,双欣材料,13.45,2026-06-29
001373.SZ,翔腾新材,29.33,2026-06-29
001376.SZ,百通能源,10.33,2026-06-29
001378.SZ,德冠新材,18.16,2026-06-29
001379.SZ,腾达科技,15.69,2026-06-29
001380.SZ,华纬科技,15.53,2026-06-29
001382.SZ,新亚电缆,15.78,2026-06-29
001386.SZ,马可波罗,14.44,2026-06-29
001387.SZ,雪祺电气,12.5,2026-06-29
001388.SZ,信通电子,27.12,2026-06-29
001390.SZ,古麒绒材,19.92,2026-06-29
001391.SZ,国货航,4.12,2026-06-29
001395.SZ,亚联机械,23.28,2026-06-29
001396.SZ,誉帆科技,34.4,2026-06-29
001399.SZ,C惠科股份,34.66,2026-06-29
001696.SZ,宗申动力,21.96,2026-06-29
001872.SZ,招商港口,20.03,2026-06-29
001896.SZ,豫能控股,16.67,2026-06-29
001914.SZ,招商积余,8.36,2026-06-29
001965.SZ,招商公路,9.5,2026-06-29
001979.SZ,招商蛇口,6.52,2026-06-29
002001.SZ,新 和 成,29.45,2026-06-29
002003.SZ,伟星股份,8.42,2026-06-29
002004.SZ,华邦健康,4.04,2026-06-29
002006.SZ,精工科技,14.03,2026-06-29
002007.SZ,华兰生物,12.68,2026-06-29
002009.SZ,天奇股份,18.8,2026-06-29
002010.SZ,传化智联,4.56,2026-06-29
002011.SZ,盾安环境,10.48,2026-06-29
002012.SZ,凯恩股份,6.41,2026-06-29
002014.SZ,永新股份,10.7,2026-06-29
002015.SZ,协鑫能科,16.3,2026-06-29
002016.SZ,世荣兆业,4.06,2026-06-29
002017.SZ,东信和平,14.44,2026-06-29
002019.SZ,亿帆医药,9.7,2026-06-29
002020.SZ,京新药业,12.63,2026-06-29
002021.SZ,中捷资源,2.49,2026-06-29
002022.SZ,科华生物,4.69,2026-06-29
002023.SZ,海特高新,12.55,2026-06-29
002026.SZ,山东威达,10.66,2026-06-29
002027.SZ,分众传媒,4.82,2026-06-29
002029.SZ,七 匹 狼,7.56,2026-06-29
002030.SZ,达安基因,5.09,2026-06-29
002031.SZ,巨轮智能,5.34,2026-06-29
002033.SZ,丽江股份,8.3,2026-06-29
002034.SZ,旺能环境,14.96,2026-06-29
002035.SZ,华帝股份,4.55,2026-06-29
002036.SZ,联创电子,6.88,2026-06-29
002037.SZ,保利联合,6.19,2026-06-29
002038.SZ,双鹭药业,5.58,2026-06-29
002039.SZ,黔源电力,19.17,2026-06-29
002040.SZ,南 京 港,7.53,2026-06-29
002041.SZ,登海种业,8.06,2026-06-29
002042.SZ,华孚时尚,3.34,2026-06-29
002043.SZ,兔 宝 宝,11.11,2026-06-29
002044.SZ,美年健康,5.12,2026-06-29
002045.SZ,国光电器,7.76,2026-06-29
002047.SZ,宝鹰股份,4.77,2026-06-29
002048.SZ,宁波华翔,21.98,2026-06-29
002051.SZ,中工国际,11.99,2026-06-29
002052.SZ,同洲电子,7.76,2026-06-29
002053.SZ,云南能投,8.94,2026-06-29
002054.SZ,德美化工,6.78,2026-06-29
002056.SZ,横店东磁,28.83,2026-06-29
002057.SZ,中钢天源,11.6,2026-06-29
002058.SZ,威尔泰,20.08,2026-06-29
002059.SZ,云南旅游,4.18,2026-06-29
002060.SZ,广东建工,3.06,2026-06-29
002061.SZ,浙江交科,3.35,2026-06-29
002062.SZ,宏润建设,7.15,2026-06-29
002063.SZ,远光软件,4.99,2026-06-29
002064.SZ,华峰化学,10.05,2026-06-29
002065.SZ,东华软件,6.94,2026-06-29
002066.SZ,瑞泰科技,20.7,2026-06-29
002067.SZ,景兴纸业,3.68,2026-06-29
002068.SZ,黑猫股份,14.41,2026-06-29
002069.SZ,獐子岛,3.01,2026-06-29
002072.SZ,凯瑞德,8.33,2026-06-29
002073.SZ,软控股份,5.11,2026-06-29
002074.SZ,国轩高科,26.99,2026-06-29
002075.SZ,沙钢股份,3.42,2026-06-29
002076.SZ,星光股份,2.29,2026-06-29
002077.SZ,大港股份,18.42,2026-06-29
002078.SZ,太阳纸业,12.39,2026-06-29
002079.SZ,苏州固锝,14.45,2026-06-29
002081.SZ,金 螳 螂,4.46,2026-06-29
002083.SZ,孚日股份,10.48,2026-06-29
002084.SZ,海鸥住工,3.43,2026-06-29
002085.SZ,万丰奥威,10.92,2026-06-29
002088.SZ,鲁阳节能,8.19,2026-06-29
002090.SZ,金智科技,8.75,2026-06-29
002091.SZ,江苏国泰,7.1,2026-06-29
002092.SZ,中泰化学,3.85,2026-06-29
002093.SZ,国脉科技,6.22,2026-06-29
002094.SZ,青岛金王,4.36,2026-06-29
002095.SZ,生 意 宝,12.92,2026-06-29
002096.SZ,易普力,8.96,2026-06-29
002097.SZ,山河智能,7.17,2026-06-29
002098.SZ,浔兴股份,6.47,2026-06-29
002099.SZ,海翔药业,5.32,2026-06-29
002100.SZ,天康生物,6.23,2026-06-29
002101.SZ,广东鸿图,9.5,2026-06-29
002103.SZ,广博股份,5.87,2026-06-29
002104.SZ,恒宝股份,10.13,2026-06-29
002105.SZ,信隆健康,5.04,2026-06-29
002106.SZ,莱宝高科,15.93,2026-06-29
002107.SZ,沃华医药,5.82,2026-06-29
002108.SZ,沧州明珠,4.14,2026-06-29
002110.SZ,三钢闽光,2.9,2026-06-29
002111.SZ,威海广泰,8.81,2026-06-29
002112.SZ,三变科技,16.22,2026-06-29
002114.SZ,罗平锌电,7.36,2026-06-29
002115.SZ,三维通信,10.0,2026-06-29
002116.SZ,中国海诚,6.84,2026-06-29
002117.SZ,东港股份,7.74,2026-06-29
002119.SZ,康强电子,36.29,2026-06-29
002120.SZ,韵达股份,6.28,2026-06-29
002121.SZ,科陆电子,5.32,2026-06-29
002123.SZ,梦网科技,7.16,2026-06-29
002124.SZ,天邦食品,2.16,2026-06-29
002125.SZ,湘潭电化,13.4,2026-06-29
002127.SZ,南极电商,2.64,2026-06-29
002128.SZ,电投能源,24.08,2026-06-29
002129.SZ,TCL中环,11.73,2026-06-29
002130.SZ,沃尔核材,17.54,2026-06-29
002131.SZ,利欧股份,4.65,2026-06-29
002132.SZ,恒星科技,5.28,2026-06-29
002133.SZ,广宇集团,2.45,2026-06-29
002134.SZ,天津普林,28.4,2026-06-29
002135.SZ,东南网架,6.73,2026-06-29
002136.SZ,安 纳 达,12.93,2026-06-29
002137.SZ,实益达,11.3,2026-06-29
002139.SZ,拓邦股份,9.13,2026-06-29
002140.SZ,东华科技,9.25,2026-06-29
002141.SZ,贤丰控股,5.18,2026-06-29
002142.SZ,宁波银行,30.76,2026-06-29
002144.SZ,宏达高科,9.98,2026-06-29
002145.SZ,钛能化学,4.56,2026-06-29
002148.SZ,北纬科技,5.77,2026-06-29
002150.SZ,正泰电源,25.35,2026-06-29
002151.SZ,北斗星通,30.63,2026-06-29
002152.SZ,广电运通,9.27,2026-06-29
002153.SZ,石基信息,7.1,2026-06-29
002154.SZ,报 喜 鸟,3.65,2026-06-29
002155.SZ,湖南黄金,24.35,2026-06-29
002157.SZ,正邦科技,2.87,2026-06-29
002158.SZ,汉钟精机,35.0,2026-06-29
002159.SZ,三特索道,12.68,2026-06-29
002160.SZ,常铝股份,3.7,2026-06-29
002161.SZ,远 望 谷,5.32,2026-06-29
002162.SZ,悦心健康,3.42,2026-06-29
002163.SZ,海南发展,8.33,2026-06-29
002164.SZ,宁波东力,11.44,2026-06-29
002165.SZ,红 宝 丽,6.54,2026-06-29
002166.SZ,莱茵生物,6.43,2026-06-29
002167.SZ,东方锆业,20.06,2026-06-29
002169.SZ,智光电气,14.36,2026-06-29
002170.SZ,芭田股份,11.09,2026-06-29
002171.SZ,楚江新材,13.13,2026-06-29
002172.SZ,澳洋健康,2.88,2026-06-29
002173.SZ,创新医疗,17.08,2026-06-29
002174.SZ,游族网络,12.15,2026-06-29
002176.SZ,江特电机,9.69,2026-06-29
002177.SZ,御银股份,5.55,2026-06-29
002178.SZ,延华智能,4.42,2026-06-29
002180.SZ,奔图科技,16.01,2026-06-29
002181.SZ,粤 传 媒,9.82,2026-06-29
002182.SZ,宝武镁业,14.15,2026-06-29
002183.SZ,怡 亚 通,5.24,2026-06-29
002184.SZ,海得控制,9.01,2026-06-29
002185.SZ,华天科技,21.92,2026-06-29
002186.SZ,全 聚 德,8.4,2026-06-29
002187.SZ,广百股份,4.7,2026-06-29
002188.SZ,中天服务,4.92,2026-06-29
002189.SZ,中光学,21.29,2026-06-29
002190.SZ,成飞集成,23.04,2026-06-29
002191.SZ,劲嘉股份,3.89,2026-06-29
002194.SZ,武汉凡谷,9.59,2026-06-29
002195.SZ,岩山科技,6.43,2026-06-29
002196.SZ,方正电机,11.84,2026-06-29
002197.SZ,证通电子,5.65,2026-06-29
002200.SZ,交投生态,5.79,2026-06-29
002201.SZ,九鼎新材,10.79,2026-06-29
002202.SZ,金风科技,21.73,2026-06-29
002203.SZ,海亮股份,21.73,2026-06-29
002204.SZ,大连重工,5.27,2026-06-29
002205.SZ,国统股份,10.2,2026-06-29
002206.SZ,海 利 得,5.32,2026-06-29
002208.SZ,合肥城建,18.38,2026-06-29
002209.SZ,达 意 隆,10.49,2026-06-29
002210.SZ,飞马国际,2.09,2026-06-29
002212.SZ,天融信,5.58,2026-06-29
002213.SZ,大为股份,34.46,2026-06-29
002215.SZ,诺 普 信,8.42,2026-06-29
002216.SZ,三全食品,11.64,2026-06-29
002218.SZ,拓日新能,3.78,2026-06-29
002221.SZ,东华能源,5.23,2026-06-29
002223.SZ,鱼跃医疗,26.2,2026-06-29
002224.SZ,三 力 士,3.27,2026-06-29
002225.SZ,濮耐股份,4.44,2026-06-29
002226.SZ,江南化工,4.4,2026-06-29
002228.SZ,合兴包装,3.02,2026-06-29
002229.SZ,鸿博股份,10.09,2026-06-29
002230.SZ,科大讯飞,39.46,2026-06-29
002232.SZ,启明信息,13.45,2026-06-29
002233.SZ,塔牌集团,7.07,2026-06-29
002234.SZ,民和股份,6.58,2026-06-29
002235.SZ,安妮股份,7.79,2026-06-29
002236.SZ,大华股份,16.0,2026-06-29
002237.SZ,恒邦股份,14.51,2026-06-29
002238.SZ,天威视讯,5.45,2026-06-29
002239.SZ,奥特佳,2.45,2026-06-29
002241.SZ,歌尔股份,21.43,2026-06-29
002242.SZ,九阳股份,7.99,2026-06-29
002243.SZ,力合科创,6.54,2026-06-29
002244.SZ,滨江集团,7.5,2026-06-29
002245.SZ,蔚蓝锂芯,18.46,2026-06-29
002246.SZ,北化股份,17.62,2026-06-29
002247.SZ,聚力文化,2.13,2026-06-29
002248.SZ,华东数控,8.67,2026-06-29
002249.SZ,大洋电机,7.38,2026-06-29
002250.SZ,联化科技,13.96,2026-06-29
002251.SZ,步步高,3.42,2026-06-29
002252.SZ,上海莱士,4.43,2026-06-29
002253.SZ,川大智胜,10.01,2026-06-29
002254.SZ,泰和新材,17.97,2026-06-29
002255.SZ,海陆重工,9.7,2026-06-29
002256.SZ,兆新股份,3.61,2026-06-29
002258.SZ,利尔化学,12.69,2026-06-29
002259.SZ,升达林业,3.8,2026-06-29
002261.SZ,拓维信息,26.86,2026-06-29
002262.SZ,恩华药业,19.35,2026-06-29
002263.SZ,大东南,3.27,2026-06-29
002264.SZ,新 华 都,5.66,2026-06-29
002265.SZ,建设工业,17.11,2026-06-29
002266.SZ,浙富控股,4.9,2026-06-29
002267.SZ,陕天然气,6.66,2026-06-29
002268.SZ,电科网安,12.3,2026-06-29
002270.SZ,华明装备,18.91,2026-06-29
002271.SZ,东方雨虹,12.07,2026-06-29
002272.SZ,川润股份,23.62,2026-06-29
002273.SZ,水晶光电,32.25,2026-06-29
002274.SZ,华昌化工,4.74,2026-06-29
002275.SZ,桂林三金,12.54,2026-06-29
002276.SZ,万马股份,9.99,2026-06-29
002277.SZ,友阿股份,6.23,2026-06-29
002278.SZ,神开股份,7.63,2026-06-29
002279.SZ,久其软件,5.67,2026-06-29
002282.SZ,博深股份,5.72,2026-06-29
002283.SZ,天润工业,9.37,2026-06-29
002284.SZ,亚太股份,9.33,2026-06-29
002285.SZ,世联行,2.07,2026-06-29
002286.SZ,保龄宝,8.53,2026-06-29
002287.SZ,奇正藏药,19.36,2026-06-29
002291.SZ,遥望科技,4.8,2026-06-29
002292.SZ,奥飞娱乐,6.52,2026-06-29
002293.SZ,罗莱生活,9.98,2026-06-29
002294.SZ,信立泰,32.9,2026-06-29
002295.SZ,精艺股份,8.56,2026-06-29
002296.SZ,辉煌科技,8.61,2026-06-29
002297.SZ,博云新材,28.77,2026-06-29
002298.SZ,中电鑫龙,7.43,2026-06-29
002299.SZ,圣农发展,15.38,2026-06-29
002300.SZ,太阳电缆,6.71,2026-06-29
002301.SZ,齐心集团,7.08,2026-06-29
002302.SZ,西部建设,4.37,2026-06-29
002303.SZ,美盈森,4.26,2026-06-29
002307.SZ,北新路桥,2.89,2026-06-29
002309.SZ,中利集团,2.74,2026-06-29
002310.SZ,东方新能,2.17,2026-06-29
002312.SZ,川发龙蟒,9.45,2026-06-29
002313.SZ,日海智能,7.22,2026-06-29
002314.SZ,南山控股,2.01,2026-06-29
002315.SZ,焦点科技,22.88,2026-06-29
002316.SZ,亚联发展,4.03,2026-06-29
002317.SZ,众生药业,24.85,2026-06-29
002318.SZ,久立特材,23.44,2026-06-29
002319.SZ,乐通股份,9.56,2026-06-29
002320.SZ,海峡股份,6.35,2026-06-29
002322.SZ,理工能科,9.75,2026-06-29
002324.SZ,普利特,11.68,2026-06-29
002326.SZ,永太科技,23.91,2026-06-29
002327.SZ,富安娜,6.12,2026-06-29
002328.SZ,新朋股份,7.22,2026-06-29
002329.SZ,皇氏集团,2.69,2026-06-29
002330.SZ,得利斯,3.56,2026-06-29
002331.SZ,皖通科技,7.39,2026-06-29
002332.SZ,仙琚制药,8.13,2026-06-29
002333.SZ,罗普斯金,4.6,2026-06-29
002334.SZ,英威腾,7.02,2026-06-29
002337.SZ,赛象科技,4.39,2026-06-29
002339.SZ,积成电子,6.9,2026-06-29
002340.SZ,格林美,6.58,2026-06-29
002342.SZ,巨力索具,10.62,2026-06-29
002343.SZ,慈文传媒,4.38,2026-06-29
002344.SZ,海宁皮城,3.56,2026-06-29
002345.SZ,潮宏基,9.27,2026-06-29
002346.SZ,柘中股份,20.78,2026-06-29
002347.SZ,泰尔股份,5.75,2026-06-29
002348.SZ,高乐股份,10.12,2026-06-29
002349.SZ,精华制药,6.4,2026-06-29
002350.SZ,北京科锐,13.32,2026-06-29
002351.SZ,漫步者,9.07,2026-06-29
002352.SZ,顺丰控股,31.33,2026-06-29
002354.SZ,天娱数科,9.11,2026-06-29
002355.SZ,兴民智通,4.25,2026-06-29
002356.SZ,赫美集团,2.78,2026-06-29
002357.SZ,富临运业,8.91,2026-06-29
002358.SZ,森源电气,5.52,2026-06-29
002361.SZ,神剑股份,14.49,2026-06-29
002362.SZ,汉王科技,15.11,2026-06-29
002363.SZ,隆基机械,5.98,2026-06-29
002365.SZ,永安药业,10.54,2026-06-29
002366.SZ,融发核电,5.97,2026-06-29
002367.SZ,康力电梯,6.51,2026-06-29
002368.SZ,太极股份,13.87,2026-06-29
002369.SZ,卓翼科技,5.35,2026-06-29
002370.SZ,亚太药业,5.37,2026-06-29
002372.SZ,伟星新材,8.26,2026-06-29
002373.SZ,千方科技,7.1,2026-06-29
002374.SZ,中锐股份,3.25,2026-06-29
002375.SZ,亚厦股份,3.41,2026-06-29
002376.SZ,新北洋,5.62,2026-06-29
002377.SZ,国创高新,2.52,2026-06-29
002378.SZ,章源钨业,34.0,2026-06-29
002379.SZ,宏桥控股,15.45,2026-06-29
002380.SZ,科远智慧,32.53,2026-06-29
002381.SZ,双箭股份,5.2,2026-06-29
002382.SZ,蓝帆医疗,5.26,2026-06-29
002383.SZ,合众思壮,6.62,2026-06-29
002385.SZ,大北农,2.76,2026-06-29
002386.SZ,天原股份,6.1,2026-06-29
002387.SZ,维信诺,8.66,2026-06-29
002388.SZ,新亚制程,5.13,2026-06-29
002389.SZ,航天彩虹,17.01,2026-06-29
002390.SZ,信邦制药,2.69,2026-06-29
002391.SZ,长青股份,4.95,2026-06-29
002392.SZ,北京利尔,7.62,2026-06-29
002393.SZ,力生制药,14.47,2026-06-29
002394.SZ,联发股份,8.7,2026-06-29
002395.SZ,双象股份,11.75,2026-06-29
002396.SZ,星网锐捷,17.43,2026-06-29
002397.SZ,梦洁股份,3.96,2026-06-29
002398.SZ,垒知集团,3.76,2026-06-29
002399.SZ,海普瑞,9.19,2026-06-29
002400.SZ,省广集团,6.19,2026-06-29
002401.SZ,中远海科,11.64,2026-06-29
002402.SZ,和而泰,23.48,2026-06-29
002403.SZ,爱仕达,8.53,2026-06-29
002404.SZ,嘉欣丝绸,5.72,2026-06-29
002405.SZ,四维图新,6.4,2026-06-29
002406.SZ,远东传动,6.46,2026-06-29
002408.SZ,齐翔腾达,4.64,2026-06-29
002410.SZ,广联达,8.12,2026-06-29
002412.SZ,汉森制药,5.7,2026-06-29
002413.SZ,雷科防务,9.24,2026-06-29
002414.SZ,高德红外,12.88,2026-06-29
002415.SZ,海康威视,32.99,2026-06-29
002416.SZ,爱施德,8.92,2026-06-29
002418.SZ,康盛股份,3.87,2026-06-29
002419.SZ,天虹股份,4.29,2026-06-29
002420.SZ,毅昌科技,5.41,2026-06-29
002421.SZ,达实智能,3.43,2026-06-29
002422.SZ,科伦药业,39.16,2026-06-29
002423.SZ,中粮资本,8.32,2026-06-29
002425.SZ,凯撒文化,2.64,2026-06-29
002426.SZ,胜利精密,3.84,2026-06-29
002427.SZ,尤夫股份,5.27,2026-06-29
002429.SZ,兆驰股份,10.22,2026-06-29
002430.SZ,杭氧股份,30.4,2026-06-29
002434.SZ,万里扬,5.95,2026-06-29
002437.SZ,誉衡药业,2.67,2026-06-29
002438.SZ,江苏神通,14.45,2026-06-29
002439.SZ,启明星辰,12.39,2026-06-29
002440.SZ,闰土股份,10.56,2026-06-29
002441.SZ,众业达,7.78,2026-06-29
002442.SZ,龙星科技,5.03,2026-06-29
002443.SZ,金洲管道,9.39,2026-06-29
002444.SZ,巨星科技,31.18,2026-06-29
002445.SZ,中南文化,2.83,2026-06-29
002446.SZ,盛路通信,9.76,2026-06-29
002448.SZ,中原内配,12.09,2026-06-29
002449.SZ,国星光电,7.35,2026-06-29
002451.SZ,摩恩电气,7.07,2026-06-29
002452.SZ,长高电气,12.32,2026-06-29
002453.SZ,华软科技,4.43,2026-06-29
002454.SZ,松芝股份,4.8,2026-06-29
002455.SZ,百川股份,7.1,2026-06-29
002456.SZ,欧菲光,8.93,2026-06-29
002457.SZ,青龙管业,12.45,2026-06-29
002458.SZ,益生股份,7.77,2026-06-29
002459.SZ,晶澳科技,7.88,2026-06-29
002461.SZ,珠江啤酒,7.77,2026-06-29
002462.SZ,嘉事堂,11.0,2026-06-29
002465.SZ,海格通信,12.08,2026-06-29
002467.SZ,二六三,4.56,2026-06-29
002468.SZ,申通快递,14.0,2026-06-29
002469.SZ,三维化学,5.64,2026-06-29
002470.SZ,金正大,2.13,2026-06-29
002471.SZ,中超控股,5.92,2026-06-29
002472.SZ,双环传动,37.74,2026-06-29
002474.SZ,榕基软件,5.68,2026-06-29
002476.SZ,新叶股份,4.7,2026-06-29
002478.SZ,常宝股份,6.24,2026-06-29
002479.SZ,富春环保,4.28,2026-06-29
002480.SZ,新筑股份,5.17,2026-06-29
002481.SZ,双塔食品,3.8,2026-06-29
002483.SZ,润邦股份,4.89,2026-06-29
002486.SZ,嘉麟杰,2.17,2026-06-29
002488.SZ,金固股份,8.64,2026-06-29
002489.SZ,浙江永强,2.78,2026-06-29
002490.SZ,山东墨龙,6.46,2026-06-29
002491.SZ,通鼎互联,33.2,2026-06-29
002492.SZ,恒基达鑫,5.42,2026-06-29
002493.SZ,荣盛石化,11.29,2026-06-29
002494.SZ,华斯股份,4.49,2026-06-29
002495.SZ,佳隆股份,2.08,2026-06-29
002497.SZ,雅化集团,19.54,2026-06-29
002498.SZ,汉缆股份,6.79,2026-06-29
002500.SZ,山西证券,5.14,2026-06-29
002506.SZ,协鑫集成,3.05,2026-06-29
002507.SZ,涪陵榨菜,11.01,2026-06-29
002508.SZ,老板电器,14.95,2026-06-29
002510.SZ,天汽模,5.28,2026-06-29
002511.SZ,中顺洁柔,6.73,2026-06-29
002513.SZ,蓝丰生化,4.79,2026-06-29
002515.SZ,金字火腿,10.04,2026-06-29
002516.SZ,旷达科技,5.45,2026-06-29
002517.SZ,恺英网络,16.17,2026-06-29
002519.SZ,银河电子,5.7,2026-06-29
002520.SZ,日发精机,6.72,2026-06-29
002521.SZ,齐峰新材,7.07,2026-06-29
002522.SZ,浙江众成,8.31,2026-06-29
002523.SZ,天桥起重,2.97,2026-06-29
002524.SZ,光正眼科,3.36,2026-06-29
002526.SZ,山东矿机,2.53,2026-06-29
002527.SZ,新时达,12.39,2026-06-29
002529.SZ,海源复材,6.96,2026-06-29
002530.SZ,金财互联,6.75,2026-06-29
002531.SZ,天顺风能,8.41,2026-06-29
002532.SZ,天山铝业,11.16,2026-06-29
002533.SZ,金杯电工,10.58,2026-06-29
002534.SZ,西子洁能,18.22,2026-06-29
002535.SZ,林州重机,2.21,2026-06-29
002537.SZ,海联金汇,5.33,2026-06-29
002539.SZ,云图控股,11.82,2026-06-29
002540.SZ,亚太科技,4.71,2026-06-29
002541.SZ,鸿路钢构,18.1,2026-06-29
002543.SZ,万和电气,6.27,2026-06-29
002544.SZ,普天科技,17.68,2026-06-29
002545.SZ,东方铁塔,16.75,2026-06-29
002546.SZ,新联电子,7.46,2026-06-29
002548.SZ,金新农,3.62,2026-06-29
002549.SZ,凯美特气,20.89,2026-06-29
002550.SZ,千红制药,6.38,2026-06-29
002551.SZ,尚荣医疗,2.73,2026-06-29
002553.SZ,南方精工,15.45,2026-06-29
002554.SZ,惠博普,3.08,2026-06-29
002555.SZ,三七互娱,18.9,2026-06-29
002556.SZ,辉隆股份,4.57,2026-06-29
002557.SZ,洽洽食品,18.33,2026-06-29
002558.SZ,巨人网络,27.23,2026-06-29
002559.SZ,亚威股份,13.0,2026-06-29
002560.SZ,通达股份,7.47,2026-06-29
002561.SZ,徐家汇,6.26,2026-06-29
002562.SZ,兄弟科技,4.4,2026-06-29
002563.SZ,森马服饰,5.13,2026-06-29
002564.SZ,天沃科技,4.3,2026-06-29
002565.SZ,顺灏股份,12.34,2026-06-29
002566.SZ,益盛药业,6.2,2026-06-29
002567.SZ,唐人神,3.35,2026-06-29
002568.SZ,百润股份,17.3,2026-06-29
002570.SZ,贝因美,4.06,2026-06-29
002571.SZ,德力股份,10.63,2026-06-29
002572.SZ,索菲亚,7.51,2026-06-29
002573.SZ,清新环境,2.97,2026-06-29
002574.SZ,明牌珠宝,4.25,2026-06-29
002575.SZ,群兴玩具,5.64,2026-06-29
002576.SZ,通达动力,13.99,2026-06-29
002577.SZ,雷柏科技,17.56,2026-06-29
002578.SZ,闽发铝业,3.16,2026-06-29
002579.SZ,中京电子,20.5,2026-06-29
002580.SZ,圣阳股份,20.71,2026-06-29
002582.SZ,好想你,8.69,2026-06-29
002583.SZ,海能达,7.68,2026-06-29
002584.SZ,西陇科学,9.35,2026-06-29
002585.SZ,双星新材,12.38,2026-06-29
002587.SZ,奥拓电子,7.1,2026-06-29
002588.SZ,史丹利,8.24,2026-06-29
002589.SZ,瑞康医药,2.52,2026-06-29
002590.SZ,万安科技,9.8,2026-06-29
002591.SZ,恒大高新,6.14,2026-06-29
002593.SZ,日上集团,3.98,2026-06-29
002596.SZ,海南瑞泽,2.88,2026-06-29
002597.SZ,金禾实业,20.45,2026-06-29
002599.SZ,盛通股份,5.01,2026-06-29
002600.SZ,领益智造,15.76,2026-06-29
002601.SZ,龙佰集团,16.65,2026-06-29
002602.SZ,世纪华通,13.87,2026-06-29
002603.SZ,以岭药业,15.54,2026-06-29
002605.SZ,姚记科技,18.44,2026-06-29
002606.SZ,大连电瓷,13.38,2026-06-29
002608.SZ,江苏国信,6.95,2026-06-29
002609.SZ,捷顺科技,7.41,2026-06-29
002611.SZ,东方精工,17.2,2026-06-29
002612.SZ,朗姿股份,11.53,2026-06-29
002613.SZ,北玻股份,3.74,2026-06-29
002614.SZ,奥佳华,4.47,2026-06-29
002615.SZ,哈尔斯,6.27,2026-06-29
002616.SZ,长青集团,4.4,2026-06-29
002617.SZ,露笑科技,10.12,2026-06-29
002622.SZ,皓宸医疗,2.11,2026-06-29
002623.SZ,亚玛顿,15.19,2026-06-29
002624.SZ,完美世界,12.69,2026-06-29
002625.SZ,光启技术,29.01,2026-06-29
002626.SZ,金达威,13.54,2026-06-29
002627.SZ,三峡旅游,5.79,2026-06-29
002628.SZ,成都路桥,4.86,2026-06-29
002629.SZ,仁智股份,4.42,2026-06-29
002631.SZ,德尔未来,10.26,2026-06-29
002632.SZ,道明光学,8.87,2026-06-29
002633.SZ,申科股份,15.26,2026-06-29
002635.SZ,安洁科技,19.87,2026-06-29
002637.SZ,赞宇科技,10.82,2026-06-29
002638.SZ,勤上股份,4.02,2026-06-29
002639.SZ,雪人集团,14.06,2026-06-29
002640.SZ,跨境通,2.99,2026-06-29
002641.SZ,公元股份,3.89,2026-06-29
002642.SZ,荣联科技,6.07,2026-06-29
002643.SZ,万润股份,19.62,2026-06-29
002644.SZ,佛慈制药,7.18,2026-06-29
002645.SZ,华宏科技,26.6,2026-06-29
002646.SZ,天佑德酒,6.43,2026-06-29
002647.SZ,仁东控股,11.3,2026-06-29
002648.SZ,卫星化学,24.23,2026-06-29
002649.SZ,博彦科技,7.93,2026-06-29
002651.SZ,利君股份,7.23,2026-06-29
002652.SZ,扬子新材,4.17,2026-06-29
002654.SZ,万润科技,20.24,2026-06-29
002657.SZ,中科金财,21.4,2026-06-29
002658.SZ,雪迪龙,8.21,2026-06-29
002659.SZ,凯文教育,3.75,2026-06-29
002660.SZ,茂硕电源,6.51,2026-06-29
002661.SZ,克明食品,6.99,2026-06-29
002662.SZ,峰璟股份,3.71,2026-06-29
002664.SZ,信质集团,16.84,2026-06-29
002666.SZ,德联集团,3.94,2026-06-29
002668.SZ,TCL智家,10.66,2026-06-29
002669.SZ,康达新材,17.34,2026-06-29
002670.SZ,国盛证券,11.21,2026-06-29
002671.SZ,龙泉股份,3.71,2026-06-29
002672.SZ,东江环保,3.53,2026-06-29
002673.SZ,西部证券,6.51,2026-06-29
002674.SZ,兴业科技,31.7,2026-06-29
002675.SZ,东诚药业,12.74,2026-06-29
002676.SZ,顺威股份,4.85,2026-06-29
002677.SZ,浙江美大,5.61,2026-06-29
002678.SZ,珠江钢琴,4.31,2026-06-29
002679.SZ,福建金森,8.0,2026-06-29
002681.SZ,奋达科技,4.45,2026-06-29
002682.SZ,龙洲股份,4.23,2026-06-29
002683.SZ,广东宏大,27.4,2026-06-29
002685.SZ,华东重机,6.41,2026-06-29
002686.SZ,亿利达,5.12,2026-06-29
002687.SZ,乔治白,4.97,2026-06-29
002688.SZ,金河生物,4.82,2026-06-29
002690.SZ,美亚光电,14.15,2026-06-29
002692.SZ,远程股份,3.71,2026-06-29
002693.SZ,双成药业,9.11,2026-06-29
002695.SZ,煌上煌,10.08,2026-06-29
002696.SZ,百洋股份,5.01,2026-06-29
002697.SZ,红旗连锁,4.19,2026-06-29
002698.SZ,博实股份,11.44,2026-06-29
002700.SZ,万憬能源,6.48,2026-06-29
002701.SZ,奥瑞金,4.36,2026-06-29
002702.SZ,海欣食品,4.53,2026-06-29
002703.SZ,浙江世宝,14.01,2026-06-29
002705.SZ,新宝股份,11.01,2026-06-29
002706.SZ,良信股份,10.38,2026-06-29
002707.SZ,众信旅游,4.83,2026-06-29
002708.SZ,光洋股份,12.65,2026-06-29
002712.SZ,思美传媒,4.18,2026-06-29
002714.SZ,牧原股份,35.99,2026-06-29
002715.SZ,登云股份,13.22,2026-06-29
002716.SZ,湖南白银,8.05,2026-06-29
002721.SZ,金一文化,2.2,2026-06-29
002722.SZ,物产金轮,11.9,2026-06-29
002723.SZ,小崧股份,8.78,2026-06-29
002724.SZ,海洋王,4.82,2026-06-29
002725.SZ,跃岭股份,12.34,2026-06-29
002727.SZ,一心堂,10.02,2026-06-29
002728.SZ,特一药业,8.8,2026-06-29
002730.SZ,电光科技,29.26,2026-06-29
002732.SZ,燕塘乳业,12.66,2026-06-29
002733.SZ,雄韬股份,31.9,2026-06-29
002734.SZ,利民股份,17.11,2026-06-29
002735.SZ,王子新材,15.81,2026-06-29
002736.SZ,国信证券,10.1,2026-06-29
002737.SZ,葵花药业,11.8,2026-06-29
002739.SZ,儒意电影,9.43,2026-06-29
002741.SZ,光华科技,35.2,2026-06-29
002742.SZ,冀衡医药,3.38,2026-06-29
002743.SZ,富煌钢构,3.96,2026-06-29
002745.SZ,木林森,11.83,2026-06-29
002746.SZ,仙坛股份,5.16,2026-06-29
002747.SZ,埃斯顿,33.94,2026-06-29
002748.SZ,世龙实业,10.71,2026-06-29
002749.SZ,国光股份,7.94,2026-06-29
002752.SZ,昇兴股份,5.72,2026-06-29
002753.SZ,永东股份,5.69,2026-06-29
002755.SZ,奥赛康,13.49,2026-06-29
002757.SZ,南兴股份,17.82,2026-06-29
002758.SZ,浙农股份,8.02,2026-06-29
002759.SZ,天际股份,24.02,2026-06-29
002760.SZ,凤形股份,15.99,2026-06-29
002761.SZ,浙江建投,6.68,2026-06-29
002762.SZ,金发拉比,8.54,2026-06-29
002763.SZ,汇洁股份,7.0,2026-06-29
002765.SZ,蓝黛科技,6.93,2026-06-29
002766.SZ,索菱股份,3.54,2026-06-29
002767.SZ,先锋电子,16.59,2026-06-29
002769.SZ,普路通,6.53,2026-06-29
002771.SZ,真视通,12.24,2026-06-29
002772.SZ,众兴菌业,11.84,2026-06-29
002773.SZ,康弘药业,20.93,2026-06-29
002774.SZ,快意电梯,13.85,2026-06-29
002775.SZ,文科股份,3.31,2026-06-29
002777.SZ,久远银海,11.93,2026-06-29
002778.SZ,中晟高科,15.38,2026-06-29
002780.SZ,三夫户外,12.34,2026-06-29
002782.SZ,可立克,20.83,2026-06-29
002783.SZ,凯龙股份,7.23,2026-06-29
002786.SZ,银宝山新,7.51,2026-06-29
002787.SZ,华源控股,31.4,2026-06-29
002788.SZ,鹭燕医药,10.41,2026-06-29
002790.SZ,瑞尔特,5.43,2026-06-29
002791.SZ,坚朗五金,13.36,2026-06-29
002792.SZ,通宇通讯,33.77,2026-06-29
002793.SZ,罗欣药业,4.01,2026-06-29
002795.SZ,永和智控,6.83,2026-06-29
002796.SZ,世嘉科技,37.78,2026-06-29
002797.SZ,第一创业,6.53,2026-06-29
002798.SZ,帝欧水华,4.99,2026-06-29
002799.SZ,环球印务,6.1,2026-06-29
002800.SZ,天顺股份,12.94,2026-06-29
002801.SZ,微光股份,27.02,2026-06-29
002802.SZ,洪汇新材,10.69,2026-06-29
002803.SZ,吉宏股份,26.03,2026-06-29
002805.SZ,丰元股份,25.99,2026-06-29
002806.SZ,华锋股份,18.97,2026-06-29
002807.SZ,江阴银行,3.78,2026-06-29
002809.SZ,红墙股份,7.56,2026-06-29
002810.SZ,山东赫达,23.83,2026-06-29
002811.SZ,郑中设计,11.21,2026-06-29
002813.SZ,路畅科技,18.72,2026-06-29
002815.SZ,崇达技术,15.91,2026-06-29
002817.SZ,黄山胶囊,5.97,2026-06-29
002818.SZ,富森美,10.71,2026-06-29
002819.SZ,东方中科,21.77,2026-06-29
002820.SZ,桂发祥,8.46,2026-06-29
002823.SZ,凯中精密,13.81,2026-06-29
002824.SZ,和胜股份,34.57,2026-06-29
002825.SZ,纳尔股份,8.03,2026-06-29
002826.SZ,易明医药,15.69,2026-06-29
002827.SZ,高争民爆,23.61,2026-06-29
002828.SZ,贝肯能源,10.59,2026-06-29
002829.SZ,星网宇达,16.8,2026-06-29
002830.SZ,名雕股份,15.72,2026-06-29
002831.SZ,裕同科技,35.55,2026-06-29
002832.SZ,比音勒芬,20.69,2026-06-29
002833.SZ,弘亚数控,17.54,2026-06-29
002835.SZ,同为股份,11.3,2026-06-29
002836.SZ,新宏泽,9.45,2026-06-29
002838.SZ,道恩股份,30.96,2026-06-29
002839.SZ,张家港行,3.98,2026-06-29
002840.SZ,华统股份,7.38,2026-06-29
002841.SZ,视源股份,32.33,2026-06-29
002843.SZ,泰嘉股份,19.9,2026-06-29
002845.SZ,同兴达,14.95,2026-06-29
002846.SZ,英联股份,10.55,2026-06-29
002848.SZ,高斯贝尔,13.72,2026-06-29
002849.SZ,威星智能,15.38,2026-06-29
002852.SZ,道道全,7.26,2026-06-29
002853.SZ,皮阿诺,19.81,2026-06-29
002855.SZ,捷荣技术,9.4,2026-06-29
002857.SZ,三晖电气,16.4,2026-06-29
002858.SZ,力盛体育,10.79,2026-06-29
002860.SZ,星帅尔,14.48,2026-06-29
002861.SZ,瀛通通讯,21.75,2026-06-29
002862.SZ,实丰文化,12.83,2026-06-29
002863.SZ,今飞凯达,4.27,2026-06-29
002864.SZ,盘龙药业,26.63,2026-06-29
002866.SZ,传艺科技,15.78,2026-06-29
002867.SZ,周大生,11.5,2026-06-29
002868.SZ,绿康生化,22.81,2026-06-29
002869.SZ,金溢科技,16.36,2026-06-29
002870.SZ,香山股份,38.64,2026-06-29
002871.SZ,伟隆股份,21.76,2026-06-29
002873.SZ,新天药业,7.46,2026-06-29
002875.SZ,安奈儿,14.97,2026-06-29
002876.SZ,三利谱,33.57,2026-06-29
002877.SZ,智能自控,7.02,2026-06-29
002878.SZ,元隆雅图,11.42,2026-06-29
002879.SZ,长缆科技,13.2,2026-06-29
002880.SZ,卫光生物,20.31,2026-06-29
002881.SZ,美格智能,34.23,2026-06-29
002882.SZ,金龙羽,18.37,2026-06-29
002884.SZ,凌霄泵业,15.33,2026-06-29
002885.SZ,京泉华,38.55,2026-06-29
002886.SZ,沃特股份,26.42,2026-06-29
002887.SZ,绿茵生态,9.82,2026-06-29
002888.SZ,惠威科技,20.6,2026-06-29
002889.SZ,东方嘉盛,10.31,2026-06-29
002890.SZ,弘宇股份,13.93,2026-06-29
002891.SZ,中宠股份,27.0,2026-06-29
002892.SZ,科力尔,8.84,2026-06-29
002893.SZ,京能热力,9.41,2026-06-29
002895.SZ,川恒股份,29.87,2026-06-29
002899.SZ,英派斯,22.88,2026-06-29
002900.SZ,哈三联,9.57,2026-06-29
002902.SZ,铭普光磁,26.96,2026-06-29
002905.SZ,金逸影视,6.91,2026-06-29
002906.SZ,华阳集团,25.06,2026-06-29
002907.SZ,华森制药,13.84,2026-06-29
002908.SZ,德生科技,6.37,2026-06-29
002909.SZ,集泰股份,4.98,2026-06-29
002910.SZ,庄园牧场,11.04,2026-06-29
002911.SZ,佛燃能源,9.69,2026-06-29
002912.SZ,中新赛克,18.13,2026-06-29
002915.SZ,中欣氟材,20.34,2026-06-29
002917.SZ,金奥博,10.26,2026-06-29
002918.SZ,蒙娜丽莎,9.97,2026-06-29
002919.SZ,名臣健康,18.38,2026-06-29
002921.SZ,联诚精密,24.85,2026-06-29
002922.SZ,伊戈尔,31.01,2026-06-29
002923.SZ,润都股份,9.68,2026-06-29
002925.SZ,盈趣科技,23.36,2026-06-29
002926.SZ,华西证券,8.23,2026-06-29
002927.SZ,泰永长征,19.05,2026-06-29
002928.SZ,华夏航空,7.44,2026-06-29
002930.SZ,宏川智慧,9.48,2026-06-29
002933.SZ,新兴装备,25.6,2026-06-29
002935.SZ,天奥电子,20.47,2026-06-29
002939.SZ,长城证券,8.39,2026-06-29
002940.SZ,昂利康,27.34,2026-06-29
002941.SZ,新疆交建,9.41,2026-06-29
002942.SZ,新农股份,14.6,2026-06-29
002945.SZ,华林证券,13.38,2026-06-29
002946.SZ,新乳业,14.48,2026-06-29
002948.SZ,青岛银行,5.22,2026-06-29
002949.SZ,华阳国际,10.02,2026-06-29
002950.SZ,奥美医疗,9.28,2026-06-29
002951.SZ,金时科技,13.58,2026-06-29
002952.SZ,亚世光电,21.02,2026-06-29
002953.SZ,日丰股份,8.78,2026-06-29
002955.SZ,鸿合科技,32.5,2026-06-29
002956.SZ,西麦食品,21.69,2026-06-29
002958.SZ,青农商行,2.77,2026-06-29
002959.SZ,小熊电器,31.49,2026-06-29
002960.SZ,青鸟智控,8.17,2026-06-29
002961.SZ,瑞达期货,19.72,2026-06-29
002962.SZ,五方光电,20.96,2026-06-29
002963.SZ,豪尔赛,20.71,2026-06-29
002966.SZ,苏州银行,7.13,2026-06-29
002967.SZ,广电计量,17.92,2026-06-29
002968.SZ,新大正,8.6,2026-06-29
002969.SZ,嘉美包装,13.72,2026-06-29
002972.SZ,科安达,18.1,2026-06-29
002973.SZ,侨银股份,10.48,2026-06-29
002976.SZ,瑞玛精密,24.89,2026-06-29
002978.SZ,安宁股份,25.31,2026-06-29
002981.SZ,朝阳科技,18.26,2026-06-29
002982.SZ,湘佳股份,10.9,2026-06-29
002983.SZ,芯瑞达,26.11,2026-06-29
002984.SZ,森麒麟,13.36,2026-06-29
002985.SZ,北摩高科,26.77,2026-06-29
002986.SZ,宇新股份,11.94,2026-06-29
002987.SZ,京北方,9.72,2026-06-29
002988.SZ,豪美新材,22.1,2026-06-29
002989.SZ,中天精装,33.01,2026-06-29
002995.SZ,天地在线,17.3,2026-06-29
002996.SZ,顺博合金,5.91,2026-06-29
002997.SZ,瑞鹄模具,27.29,2026-06-29
002998.SZ,优彩资源,6.43,2026-06-29
002999.SZ,天禾股份,5.42,2026-06-29
600000.SH,浦发银行,8.73,2026-06-29
600004.SH,白云机场,7.44,2026-06-29
600006.SH,东风股份,5.17,2026-06-29
600007.SH,中国国贸,19.31,2026-06-29
600008.SH,首创环保,2.76,2026-06-29
600009.SH,上海机场,23.29,2026-06-29
600010.SH,包钢股份,2.19,2026-06-29
600011.SH,华能国际,7.48,2026-06-29
600012.SH,皖通高速,16.0,2026-06-29
600015.SH,华夏银行,6.52,2026-06-29
600016.SH,民生银行,3.29,2026-06-29
600017.SH,日照港,2.55,2026-06-29
600018.SH,上港集团,4.83,2026-06-29
600019.SH,宝钢股份,5.54,2026-06-29
600020.SH,中原高速,3.78,2026-06-29
600021.SH,上海电力,14.76,2026-06-29
600023.SH,浙能电力,5.28,2026-06-29
600025.SH,XD华能水,8.96,2026-06-29
600026.SH,中远海能,18.7,2026-06-29
600027.SH,华电国际,4.53,2026-06-29
600028.SH,中国石化,4.61,2026-06-29
600029.SH,南方航空,5.3,2026-06-29
600030.SH,中信证券,28.49,2026-06-29
600031.SH,三一重工,18.02,2026-06-29
600032.SH,浙江新能,7.01,2026-06-29
600033.SH,福建高速,3.32,2026-06-29
600035.SH,楚天高速,3.43,2026-06-29
600036.SH,招商银行,36.42,2026-06-29
600037.SH,歌华有线,6.21,2026-06-29
600038.SH,中直股份,25.01,2026-06-29
600039.SH,四川路桥,7.94,2026-06-29
600048.SH,保利发展,4.72,2026-06-29
600050.SH,中国联通,4.02,2026-06-29
600051.SH,宁波联合,5.74,2026-06-29
600052.SH,东望时代,3.46,2026-06-29
600054.SH,黄山旅游,10.9,2026-06-29
600055.SH,万东医疗,10.33,2026-06-29
600056.SH,中国医药,8.96,2026-06-29
600057.SH,厦门象屿,5.54,2026-06-29
600058.SH,五矿发展,11.28,2026-06-29
600059.SH,古越龙山,7.47,2026-06-29
600060.SH,海信视像,26.92,2026-06-29
600061.SH,国投资本,6.57,2026-06-29
600062.SH,华润双鹤,16.67,2026-06-29
600063.SH,皖维高新,7.75,2026-06-29
600064.SH,南京高科,7.24,2026-06-29
600066.SH,宇通客车,26.92,2026-06-29
600067.SH,冠城新材,2.88,2026-06-29
600071.SH,凤凰光学,16.71,2026-06-29
600072.SH,中船科技,8.47,2026-06-29
600073.SH,光明肉业,4.72,2026-06-29
600075.SH,新疆天业,4.14,2026-06-29
600076.SH,康欣新材,3.01,2026-06-29
600078.SH,澄星股份,14.07,2026-06-29
600081.SH,东风科技,9.02,2026-06-29
600085.SH,同仁堂,23.55,2026-06-29
600088.SH,中视传媒,10.99,2026-06-29
600089.SH,特变电工,22.57,2026-06-29
600094.SH,大名城,3.56,2026-06-29
600095.SH,湘财股份,7.54,2026-06-29
600096.SH,云天化,31.96,2026-06-29
600097.SH,开创国际,7.94,2026-06-29
600098.SH,广州发展,6.02,2026-06-29
600099.SH,林海股份,8.13,2026-06-29
600100.SH,同方股份,6.53,2026-06-29
600101.SH,明星电力,7.96,2026-06-29
600103.SH,青山纸业,3.02,2026-06-29
600104.SH,上汽集团,9.82,2026-06-29
600106.SH,重庆路桥,4.65,2026-06-29
600108.SH,亚盛集团,3.07,2026-06-29
600109.SH,国金证券,8.72,2026-06-29
600110.SH,诺德股份,14.73,2026-06-29
600113.SH,浙江东日,30.16,2026-06-29
600114.SH,东睦股份,36.89,2026-06-29
600115.SH,中国东航,3.95,2026-06-29
600116.SH,三峡水利,5.61,2026-06-29
600117.SH,西宁特钢,2.07,2026-06-29
600120.SH,浙江东方,4.3,2026-06-29
600121.SH,郑州煤电,3.65,2026-06-29
600123.SH,兰花科创,5.48,2026-06-29
600125.SH,铁龙物流,5.2,2026-06-29
600126.SH,XD杭钢股,6.08,2026-06-29
600127.SH,金健米业,5.19,2026-06-29
600128.SH,苏豪弘业,7.76,2026-06-29
600129.SH,太极集团,13.05,2026-06-29
600130.SH,波导股份,4.37,2026-06-29
600131.SH,国网信通,14.81,2026-06-29
600133.SH,东湖高新,7.92,2026-06-29
600135.SH,乐凯胶片,7.7,2026-06-29
600137.SH,XD浪莎股,16.71,2026-06-29
600138.SH,中青旅,6.62,2026-06-29
600143.SH,XD金发科,14.95,2026-06-29
600148.SH,长春一东,14.54,2026-06-29
600149.SH,廊坊发展,4.52,2026-06-29
600150.SH,中国船舶,33.59,2026-06-29
600151.SH,航天机电,11.0,2026-06-29
600152.SH,维科技术,9.69,2026-06-29
600153.SH,建发股份,8.15,2026-06-29
600155.SH,华创云信,5.47,2026-06-29
600156.SH,华升股份,8.05,2026-06-29
600158.SH,中体产业,6.77,2026-06-29
600159.SH,大龙地产,2.24,2026-06-29
600161.SH,天坛生物,11.82,2026-06-29
600162.SH,香江控股,2.94,2026-06-29
600163.SH,中闽能源,5.06,2026-06-29
600166.SH,福田汽车,2.94,2026-06-29
600167.SH,联美控股,5.36,2026-06-29
600168.SH,武汉控股,4.06,2026-06-29
600170.SH,上海建工,2.24,2026-06-29
600171.SH,上海贝岭,30.88,2026-06-29
600172.SH,黄河旋风,16.16,2026-06-29
600173.SH,卧龙新能,5.94,2026-06-29
600177.SH,雅戈尔,7.6,2026-06-29
600178.SH,东安动力,9.67,2026-06-29
600179.SH,安通控股,4.48,2026-06-29
600182.SH,S佳通,12.8,2026-06-29
600184.SH,光电股份,29.1,2026-06-29
600185.SH,珠免集团,4.52,2026-06-29
600186.SH,莲花控股,13.32,2026-06-29
600188.SH,兖矿能源,18.42,2026-06-29
600189.SH,泉阳泉,7.51,2026-06-29
600191.SH,华资实业,9.32,2026-06-29
600192.SH,长城电工,6.56,2026-06-29
600195.SH,中牧股份,6.07,2026-06-29
600196.SH,复星医药,22.73,2026-06-29
600197.SH,伊力特,9.72,2026-06-29
600198.SH,大唐电信,9.24,2026-06-29
600199.SH,金种子酒,6.3,2026-06-29
600201.SH,生物股份,11.85,2026-06-29
600202.SH,哈空调,4.57,2026-06-29
600203.SH,福日电子,11.63,2026-06-29
600207.SH,安彩高科,5.51,2026-06-29
600208.SH,衢州发展,2.83,2026-06-29
600210.SH,紫江企业,6.23,2026-06-29
600211.SH,西藏药业,38.0,2026-06-29
600212.SH,绿能慧充,5.21,2026-06-29
600215.SH,派斯林,5.68,2026-06-29
600216.SH,浙江医药,11.71,2026-06-29
600217.SH,中再资环,2.84,2026-06-29
600218.SH,全柴动力,7.29,2026-06-29
600219.SH,南山铝业,4.12,2026-06-29
600222.SH,太龙药业,7.25,2026-06-29
600223.SH,福瑞达,5.11,2026-06-29
600226.SH,亨通股份,9.57,2026-06-29
600227.SH,赤天化,2.47,2026-06-29
600228.SH,返利科技,10.19,2026-06-29
600229.SH,城市传媒,4.67,2026-06-29
600230.SH,沧州大化,13.56,2026-06-29
600232.SH,金鹰股份,6.44,2026-06-29
600233.SH,圆通速递,15.16,2026-06-29
600234.SH,科新发展,29.15,2026-06-29
600235.SH,民丰特纸,5.09,2026-06-29
600236.SH,桂冠电力,8.85,2026-06-29
600237.SH,铜峰电子,13.01,2026-06-29
600241.SH,时代万恒,6.54,2026-06-29
600246.SH,万通发展,18.47,2026-06-29
600248.SH,陕建股份,2.72,2026-06-29
600249.SH,两面针,4.55,2026-06-29
600250.SH,南京商旅,7.8,2026-06-29
600251.SH,冠农股份,8.67,2026-06-29
600255.SH,鑫科材料,3.52,2026-06-29
600256.SH,广汇能源,4.83,2026-06-29
600257.SH,大湖股份,4.41,2026-06-29
600258.SH,首旅酒店,11.08,2026-06-29
600261.SH,阳光照明,3.15,2026-06-29
600262.SH,北方股份,19.74,2026-06-29
600266.SH,城建发展,3.94,2026-06-29
600267.SH,海正药业,10.34,2026-06-29
600268.SH,国电南自,11.81,2026-06-29
600269.SH,赣粤高速,4.05,2026-06-29
600271.SH,航天信息,6.49,2026-06-29
600272.SH,开开实业,10.37,2026-06-29
600273.SH,嘉化能源,6.7,2026-06-29
600278.SH,东方创业,5.93,2026-06-29
600279.SH,重庆港,3.72,2026-06-29
600280.SH,中央商场,2.65,2026-06-29
600281.SH,华阳新材,4.2,2026-06-29
600282.SH,南钢股份,4.67,2026-06-29
600283.SH,钱江水利,7.97,2026-06-29
600284.SH,浦东建设,4.91,2026-06-29
600285.SH,羚锐制药,19.91,2026-06-29
600287.SH,苏豪时尚,4.46,2026-06-29
600288.SH,大恒科技,12.36,2026-06-29
600292.SH,电投水电,12.19,2026-06-29
600293.SH,三峡新材,2.78,2026-06-29
600295.SH,鄂尔多斯,10.71,2026-06-29
600298.SH,安琪酵母,36.59,2026-06-29
600299.SH,安迪苏,7.95,2026-06-29
600300.SH,维维股份,2.84,2026-06-29
600303.SH,曙光股份,2.49,2026-06-29
600305.SH,恒顺醋业,6.57,2026-06-29
600308.SH,华泰股份,3.04,2026-06-29
600310.SH,广西能源,4.06,2026-06-29
600312.SH,平高电气,17.56,2026-06-29
600313.SH,农发种业,5.29,2026-06-29
600315.SH,上海家化,17.04,2026-06-29
600316.SH,洪都航空,26.67,2026-06-29
600318.SH,新力金融,5.96,2026-06-29
600319.SH,亚星化学,6.23,2026-06-29
600320.SH,振华重工,4.18,2026-06-29
600322.SH,津投城开,2.59,2026-06-29
600323.SH,瀚蓝环境,28.21,2026-06-29
600325.SH,华发股份,2.3,2026-06-29
600326.SH,西藏天路,6.41,2026-06-29
600327.SH,大东方,3.18,2026-06-29
600328.SH,中盐化工,6.09,2026-06-29
600329.SH,达仁堂,37.97,2026-06-29
600330.SH,天通股份,30.14,2026-06-29
600331.SH,宏达股份,10.85,2026-06-29
600332.SH,白云山,20.55,2026-06-29
600333.SH,长春燃气,5.07,2026-06-29
600335.SH,国机汽车,4.83,2026-06-29
600336.SH,澳柯玛,6.26,2026-06-29
600338.SH,西藏珠峰,14.72,2026-06-29
600339.SH,中油工程,3.13,2026-06-29
600343.SH,航天动力,27.13,2026-06-29
600346.SH,恒力石化,18.9,2026-06-29
600348.SH,华阳股份,7.76,2026-06-29
600350.SH,山东高速,11.09,2026-06-29
600351.SH,亚宝药业,5.94,2026-06-29
600352.SH,浙江龙盛,12.64,2026-06-29
600354.SH,敦煌种业,4.83,2026-06-29
600356.SH,恒丰纸业,7.54,2026-06-29
600358.SH,国旅联合,5.13,2026-06-29
600359.SH,新农开发,5.54,2026-06-29
600360.SH,华微电子,14.24,2026-06-29
600361.SH,XD创新新,3.56,2026-06-29
600363.SH,联创光电,32.53,2026-06-29
600366.SH,XD宁波韵,13.83,2026-06-29
600368.SH,五洲交通,3.5,2026-06-29
600369.SH,西南证券,4.05,2026-06-29
600371.SH,万向德农,6.45,2026-06-29
600372.SH,中航机载,10.55,2026-06-29
600373.SH,中文传媒,6.74,2026-06-29
600375.SH,汉马科技,3.64,2026-06-29
600376.SH,首开股份,3.24,2026-06-29
600377.SH,宁沪高速,11.86,2026-06-29
600379.SH,宝光股份,13.7,2026-06-29
600380.SH,健康元,9.75,2026-06-29
600382.SH,广东明珠,6.86,2026-06-29
600383.SH,金地集团,2.15,2026-06-29
600386.SH,北巴传媒,3.16,2026-06-29
600388.SH,龙净环保,14.77,2026-06-29
600389.SH,江山股份,19.56,2026-06-29
600390.SH,五矿资本,4.57,2026-06-29
600391.SH,航发科技,30.41,2026-06-29
600392.SH,盛和资源,28.61,2026-06-29
600395.SH,盘江股份,4.67,2026-06-29
600396.SH,华电辽能,16.2,2026-06-29
600397.SH,江钨装备,27.5,2026-06-29
600398.SH,海澜之家,5.34,2026-06-29
600399.SH,抚顺特钢,4.1,2026-06-29
600400.SH,红豆股份,3.11,2026-06-29
600403.SH,大有能源,5.57,2026-06-29
600405.SH,动力源,4.11,2026-06-29
600406.SH,国电南瑞,23.4,2026-06-29
600408.SH,安泰集团,2.39,2026-06-29
600409.SH,三友化工,6.65,2026-06-29
600410.SH,华胜天成,15.47,2026-06-29
600415.SH,小商品城,9.98,2026-06-29
600416.SH,湘电股份,9.62,2026-06-29
600418.SH,江淮汽车,26.2,2026-06-29
600419.SH,天润乳业,7.66,2026-06-29
600420.SH,国药现代,8.18,2026-06-29
600422.SH,昆药集团,8.05,2026-06-29
600425.SH,青松建化,3.23,2026-06-29
600426.SH,华鲁恒升,24.85,2026-06-29
600428.SH,中远海特,8.25,2026-06-29
600429.SH,三元股份,4.15,2026-06-29
600433.SH,冠豪高新,3.17,2026-06-29
600435.SH,北方导航,10.94,2026-06-29
600438.SH,通威股份,12.03,2026-06-29
600439.SH,瑞贝卡,2.04,2026-06-29
600444.SH,国机通用,13.15,2026-06-29
600446.SH,金证股份,10.0,2026-06-29
600448.SH,华纺股份,2.56,2026-06-29
600449.SH,宁夏建材,11.13,2026-06-29
600452.SH,涪陵电力,9.18,2026-06-29
600455.SH,博通股份,22.05,2026-06-29
600456.SH,宝钛股份,26.26,2026-06-29
600458.SH,时代新材,16.0,2026-06-29
600459.SH,贵研铂业,29.17,2026-06-29
600461.SH,洪城环境,9.23,2026-06-29
600463.SH,空港股份,7.66,2026-06-29
600467.SH,好当家,2.01,2026-06-29
600468.SH,百利电气,5.84,2026-06-29
600469.SH,风神股份,5.2,2026-06-29
600470.SH,六国化工,5.94,2026-06-29
600475.SH,华光环能,15.0,2026-06-29
600477.SH,杭萧钢构,2.3,2026-06-29
600478.SH,科力远,4.98,2026-06-29
600479.SH,千金药业,9.69,2026-06-29
600480.SH,凌云股份,8.18,2026-06-29
600481.SH,双良节能,4.88,2026-06-29
600482.SH,中国动力,31.07,2026-06-29
600483.SH,福能股份,10.43,2026-06-29
600488.SH,津药药业,4.84,2026-06-29
600489.SH,中金黄金,18.39,2026-06-29
600490.SH,鹏欣资源,6.01,2026-06-29
600493.SH,凤竹纺织,5.36,2026-06-29
600495.SH,晋西车轴,3.49,2026-06-29
600496.SH,精工钢构,3.2,2026-06-29
600497.SH,驰宏锌锗,12.8,2026-06-29
600499.SH,科达制造,13.85,2026-06-29
600500.SH,中化国际,8.03,2026-06-29
600501.SH,航天晨光,15.21,2026-06-29
600502.SH,安徽建工,4.37,2026-06-29
600505.SH,西昌电力,10.9,2026-06-29
600506.SH,统一股份,13.85,2026-06-29
600507.SH,方大特钢,4.07,2026-06-29
600508.SH,上海能源,7.59,2026-06-29
600509.SH,天富能源,8.17,2026-06-29
600510.SH,黑牡丹,7.18,2026-06-29
600511.SH,国药股份,26.47,2026-06-29
600513.SH,联环药业,14.73,2026-06-29
600515.SH,海南机场,2.73,2026-06-29
600516.SH,方大炭素,5.83,2026-06-29
600517.SH,XD国网英,4.73,2026-06-29
600520.SH,三佳科技,38.03,2026-06-29
600521.SH,华海药业,14.67,2026-06-29
600523.SH,贵航股份,10.62,2026-06-29
600526.SH,菲达环保,4.13,2026-06-29
600527.SH,江南高纤,2.15,2026-06-29
600528.SH,中铁工业,6.71,2026-06-29
600529.SH,山东药玻,18.29,2026-06-29
600530.SH,交大昂立,5.03,2026-06-29
600531.SH,豫光金铅,15.49,2026-06-29
600535.SH,天士力,13.68,2026-06-29
600536.SH,中国软件,27.65,2026-06-29
600538.SH,国发股份,5.9,2026-06-29
600539.SH,狮头股份,15.1,2026-06-29
600540.SH,新赛股份,3.38,2026-06-29
600545.SH,卓郎智能,7.49,2026-06-29
600546.SH,山煤国际,11.21,2026-06-29
600547.SH,山东黄金,23.55,2026-06-29
600548.SH,深高速,8.29,2026-06-29
600550.SH,保变电气,11.7,2026-06-29
600551.SH,XD时代出,6.78,2026-06-29
600552.SH,凯盛科技,31.48,2026-06-29
600556.SH,天下秀,4.39,2026-06-29
600557.SH,康缘药业,11.96,2026-06-29
600558.SH,大西洋,4.98,2026-06-29
600559.SH,老白干酒,11.46,2026-06-29
600560.SH,金自天正,10.96,2026-06-29
600561.SH,江西长运,5.04,2026-06-29
600562.SH,国睿科技,20.15,2026-06-29
600566.SH,济川药业,26.39,2026-06-29
600570.SH,恒生电子,20.72,2026-06-29
600571.SH,信雅达,9.63,2026-06-29
600572.SH,康恩贝,3.99,2026-06-29
600573.SH,惠泉啤酒,9.3,2026-06-29
600575.SH,淮河能源,3.28,2026-06-29
600576.SH,祥源文旅,5.92,2026-06-29
600577.SH,精达股份,9.42,2026-06-29
600578.SH,京能电力,6.59,2026-06-29
600579.SH,中化装备,8.15,2026-06-29
600580.SH,卧龙电驱,31.8,2026-06-29
600582.SH,天地科技,4.48,2026-06-29
600583.SH,海油工程,5.07,2026-06-29
600585.SH,海螺水泥,17.2,2026-06-29
600586.SH,金晶科技,4.45,2026-06-29
600587.SH,新华医疗,12.28,2026-06-29
600588.SH,用友网络,8.98,2026-06-29
600589.SH,大位科技,9.49,2026-06-29
600590.SH,泰豪科技,10.0,2026-06-29
600592.SH,龙溪股份,13.7,2026-06-29
600593.SH,大连圣亚,36.02,2026-06-29
600594.SH,益佰制药,3.05,2026-06-29
600595.SH,中孚实业,5.86,2026-06-29
600596.SH,新安股份,16.02,2026-06-29
600597.SH,光明乳业,6.25,2026-06-29
600598.SH,北大荒,10.87,2026-06-29
600601.SH,方正科技,12.58,2026-06-29
600602.SH,云赛智联,15.45,2026-06-29
600603.SH,广汇物流,4.37,2026-06-29
600604.SH,市北高新,4.03,2026-06-29
600605.SH,汇通能源,29.07,2026-06-29
600609.SH,金杯汽车,3.14,2026-06-29
600610.SH,中毅达,6.52,2026-06-29
600611.SH,大众交通,3.81,2026-06-29
600612.SH,老凤祥,32.63,2026-06-29
600613.SH,神奇制药,4.61,2026-06-29
600615.SH,鑫源智造,9.33,2026-06-29
600616.SH,金枫酒业,3.82,2026-06-29
600617.SH,国新能源,2.63,2026-06-29
600618.SH,氯碱化工,10.21,2026-06-29
600619.SH,海立股份,15.86,2026-06-29
600620.SH,天宸股份,3.96,2026-06-29
600621.SH,华鑫股份,12.86,2026-06-29
600623.SH,华谊集团,7.78,2026-06-29
600626.SH,申达股份,3.22,2026-06-29
600628.SH,新世界,5.74,2026-06-29
600629.SH,华建集团,11.92,2026-06-29
600630.SH,龙头股份,9.63,2026-06-29
600633.SH,浙数文化,10.04,2026-06-29
600635.SH,大众公用,4.23,2026-06-29
600637.SH,东方明珠,8.22,2026-06-29
600638.SH,新黄浦,4.55,2026-06-29
600639.SH,浦东金桥,9.36,2026-06-29
600640.SH,国脉文化,9.82,2026-06-29
600641.SH,先导基电,36.24,2026-06-29
600642.SH,申能股份,8.82,2026-06-29
600643.SH,爱建集团,3.83,2026-06-29
600644.SH,乐山电力,7.88,2026-06-29
600645.SH,中源协和,17.55,2026-06-29
600648.SH,外高桥,8.21,2026-06-29
600649.SH,城投控股,3.47,2026-06-29
600650.SH,锦江在线,9.69,2026-06-29
600651.SH,飞乐音响,5.47,2026-06-29
600654.SH,中安科,2.6,2026-06-29
600655.SH,豫园股份,4.17,2026-06-29
600657.SH,信达地产,2.36,2026-06-29
600658.SH,电子城,3.74,2026-06-29
600661.SH,昂立教育,7.03,2026-06-29
600662.SH,外服控股,4.03,2026-06-29
600663.SH,陆家嘴,6.42,2026-06-29
600664.SH,哈药股份,3.08,2026-06-29
600665.SH,天地源,2.92,2026-06-29
600666.SH,奥瑞德,3.96,2026-06-29
600667.SH,太极实业,29.0,2026-06-29
600668.SH,尖峰集团,7.65,2026-06-29
600671.SH,天目药业,16.62,2026-06-29
600673.SH,东阳光,32.16,2026-06-29
600674.SH,川投能源,14.15,2026-06-29
600675.SH,中华企业,2.09,2026-06-29
600676.SH,交运股份,6.43,2026-06-29
600679.SH,上海凤凰,9.17,2026-06-29
600681.SH,百川能源,3.22,2026-06-29
600682.SH,南京新百,5.36,2026-06-29
600683.SH,京投发展,10.93,2026-06-29
600684.SH,珠江股份,3.05,2026-06-29
600685.SH,中船防务,25.65,2026-06-29
600686.SH,金龙汽车,11.23,2026-06-29
600688.SH,上海石化,2.9,2026-06-29
600689.SH,上海三毛,9.95,2026-06-29
600690.SH,海尔智家,20.42,2026-06-29
600691.SH,潞化科技,2.25,2026-06-29
600692.SH,亚通股份,5.49,2026-06-29
600693.SH,东百集团,7.88,2026-06-29
600694.SH,大商股份,13.53,2026-06-29
600697.SH,欧亚集团,9.9,2026-06-29
600698.SH,湖南天雁,5.81,2026-06-29
600699.SH,均胜电子,20.9,2026-06-29
600702.SH,舍得酒业,35.96,2026-06-29
600703.SH,三安光电,21.06,2026-06-29
600704.SH,物产中大,4.76,2026-06-29
600706.SH,曲江文旅,6.83,2026-06-29
600707.SH,彩虹股份,15.35,2026-06-29
600708.SH,光明地产,3.2,2026-06-29
600710.SH,苏美达,9.57,2026-06-29
600711.SH,盛屯矿业,11.05,2026-06-29
600712.SH,南宁百货,4.58,2026-06-29
600713.SH,南京医药,5.23,2026-06-29
600714.SH,金瑞矿业,19.43,2026-06-29
600716.SH,凤凰股份,3.42,2026-06-29
600717.SH,天津港,4.0,2026-06-29
600718.SH,东软集团,7.22,2026-06-29
600719.SH,大连热电,7.88,2026-06-29
600720.SH,中交设计,4.95,2026-06-29
600721.SH,百花医药,6.75,2026-06-29
600722.SH,金牛化工,8.14,2026-06-29
600724.SH,宁波富达,5.2,2026-06-29
600725.SH,云维股份,3.07,2026-06-29
600726.SH,华电能源,7.28,2026-06-29
600727.SH,鲁北化工,6.92,2026-06-29
600728.SH,佳都科技,4.22,2026-06-29
600729.SH,重百集团,19.11,2026-06-29
600731.SH,湖南海利,5.2,2026-06-29
600732.SH,爱旭股份,13.1,2026-06-29
600733.SH,北汽蓝谷,4.89,2026-06-29
600736.SH,苏州高新,6.7,2026-06-29
600737.SH,中粮糖业,11.21,2026-06-29
600738.SH,丽尚国潮,3.63,2026-06-29
600739.SH,辽宁成大,10.25,2026-06-29
600740.SH,山西焦化,3.27,2026-06-29
600741.SH,华域汽车,16.0,2026-06-29
600742.SH,富维股份,7.26,2026-06-29
600743.SH,华远控股,2.15,2026-06-29
600744.SH,华银电力,6.36,2026-06-29
600746.SH,江苏索普,5.32,2026-06-29
600748.SH,上实发展,3.75,2026-06-29
600749.SH,西藏旅游,13.39,2026-06-29
600750.SH,华润江中,23.16,2026-06-29
600751.SH,海航科技,2.88,2026-06-29
600754.SH,锦江酒店,18.4,2026-06-29
600755.SH,厦门国贸,5.59,2026-06-29
600756.SH,浪潮软件,12.06,2026-06-29
600757.SH,长江传媒,7.43,2026-06-29
600758.SH,辽宁能源,3.18,2026-06-29
600761.SH,安徽合力,16.55,2026-06-29
600763.SH,通策医疗,35.03,2026-06-29
600764.SH,中国海防,17.26,2026-06-29
600765.SH,中航重机,12.77,2026-06-29
600768.SH,宁波富邦,15.02,2026-06-29
600769.SH,祥龙电业,20.7,2026-06-29
600770.SH,综艺股份,6.68,2026-06-29
600771.SH,广誉远,13.38,2026-06-29
600773.SH,西藏城投,12.7,2026-06-29
600774.SH,汉商集团,6.46,2026-06-29
600775.SH,南京熊猫,9.39,2026-06-29
600776.SH,东方通信,12.73,2026-06-29
600777.SH,新潮能源,4.51,2026-06-29
600778.SH,友好集团,4.93,2026-06-29
600779.SH,水井坊,28.75,2026-06-29
600780.SH,通宝能源,5.88,2026-06-29
600782.SH,新钢股份,2.49,2026-06-29
600783.SH,鲁信创投,18.11,2026-06-29
600784.SH,鲁银投资,6.46,2026-06-29
600785.SH,新华百货,9.93,2026-06-29
600787.SH,中储股份,4.18,2026-06-29
600789.SH,鲁抗医药,7.42,2026-06-29
600790.SH,轻纺城,3.33,2026-06-29
600791.SH,京能置业,9.71,2026-06-29
600792.SH,云煤能源,3.26,2026-06-29
600793.SH,宜宾纸业,12.03,2026-06-29
600794.SH,保税科技,2.88,2026-06-29
600795.SH,国电电力,4.77,2026-06-29
600796.SH,钱江生化,4.67,2026-06-29
600797.SH,浙大网新,6.24,2026-06-29
600798.SH,宁波海运,3.17,2026-06-29
600800.SH,渤海化学,3.18,2026-06-29
600801.SH,华新建材,16.87,2026-06-29
600802.SH,福建水泥,4.16,2026-06-29
600803.SH,新奥股份,16.02,2026-06-29
600805.SH,悦达投资,4.09,2026-06-29
600807.SH,济高发展,2.32,2026-06-29
600808.SH,马钢股份,2.51,2026-06-29
600810.SH,神马股份,6.64,2026-06-29
600812.SH,华北制药,4.41,2026-06-29
600814.SH,杭州解百,6.23,2026-06-29
600815.SH,厦工股份,2.55,2026-06-29
600816.SH,建元信托,2.46,2026-06-29
600817.SH,宇通重工,8.86,2026-06-29
600819.SH,耀皮玻璃,5.8,2026-06-29
600820.SH,隧道股份,5.28,2026-06-29
600821.SH,金开新能,6.32,2026-06-29
600822.SH,上海物贸,7.75,2026-06-29
600824.SH,益民集团,3.34,2026-06-29
600825.SH,新华传媒,4.46,2026-06-29
600826.SH,兰生股份,8.93,2026-06-29
600827.SH,百联股份,7.69,2026-06-29
600828.SH,茂业商业,3.55,2026-06-29
600829.SH,人民同泰,7.95,2026-06-29
600830.SH,香溢融通,7.81,2026-06-29
600831.SH,广电网络,3.0,2026-06-29
600833.SH,第一医药,9.29,2026-06-29
600834.SH,申通地铁,6.68,2026-06-29
600835.SH,上海机电,20.18,2026-06-29
600838.SH,上海九百,7.11,2026-06-29
600839.SH,四川长虹,6.61,2026-06-29
600841.SH,动力新科,6.13,2026-06-29
600843.SH,上工申贝,8.35,2026-06-29
600844.SH,金煤科技,2.43,2026-06-29
600845.SH,宝信软件,16.45,2026-06-29
600846.SH,同济科技,9.09,2026-06-29
600847.SH,万里股份,13.56,2026-06-29
600848.SH,上海临港,7.57,2026-06-29
600850.SH,电科数字,14.36,2026-06-29
600851.SH,海欣股份,8.88,2026-06-29
600853.SH,龙建股份,3.08,2026-06-29
600854.SH,春兰股份,4.14,2026-06-29
600855.SH,航天长峰,13.64,2026-06-29
600857.SH,宁波中百,19.66,2026-06-29
600858.SH,银座股份,4.46,2026-06-29
600859.SH,王府井,9.3,2026-06-29
600860.SH,京城股份,8.07,2026-06-29
600861.SH,北京人力,12.49,2026-06-29
600862.SH,中航高科,17.49,2026-06-29
600863.SH,华能蒙电,4.83,2026-06-29
600864.SH,哈投股份,5.21,2026-06-29
600865.SH,百大集团,8.29,2026-06-29
600866.SH,星湖科技,4.46,2026-06-29
600867.SH,通化东宝,8.17,2026-06-29
600868.SH,梅雁吉祥,2.58,2026-06-29
600869.SH,远东股份,33.12,2026-06-29
600871.SH,石化油服,2.05,2026-06-29
600872.SH,中炬高新,17.34,2026-06-29
600873.SH,梅花生物,7.44,2026-06-29
600874.SH,创业环保,5.41,2026-06-29
600875.SH,东方电气,28.97,2026-06-29
600876.SH,凯盛新能,7.15,2026-06-29
600877.SH,电科芯片,16.01,2026-06-29
600879.SH,航天电子,19.79,2026-06-29
600880.SH,博瑞传播,3.68,2026-06-29
600882.SH,妙可蓝多,16.58,2026-06-29
600883.SH,博闻科技,7.1,2026-06-29
600884.SH,杉杉股份,13.19,2026-06-29
600885.SH,宏发股份,34.19,2026-06-29
600886.SH,国投电力,13.35,2026-06-29
600887.SH,伊利股份,24.58,2026-06-29
600888.SH,新疆众和,14.96,2026-06-29
600893.SH,航发动力,37.28,2026-06-29
600894.SH,广日股份,7.76,2026-06-29
600895.SH,张江高科,35.09,2026-06-29
600897.SH,厦门空港,14.83,2026-06-29
600900.SH,长江电力,26.84,2026-06-29
600901.SH,江苏金租,5.94,2026-06-29
600903.SH,贵州燃气,6.8,2026-06-29
600905.SH,三峡能源,3.73,2026-06-29
600906.SH,财达证券,7.47,2026-06-29
600908.SH,无锡银行,5.22,2026-06-29
600909.SH,华安证券,11.72,2026-06-29
600916.SH,中国黄金,6.95,2026-06-29
600917.SH,重庆燃气,4.65,2026-06-29
600918.SH,中泰证券,5.38,2026-06-29
600919.SH,江苏银行,11.13,2026-06-29
600925.SH,苏能股份,4.08,2026-06-29
600926.SH,杭州银行,14.94,2026-06-29
600927.SH,XD永安期,12.62,2026-06-29
600928.SH,西安银行,3.36,2026-06-29
600929.SH,雪天盐业,4.61,2026-06-29
600930.SH,华电新能,4.81,2026-06-29
600933.SH,爱柯迪,14.41,2026-06-29
600935.SH,华塑股份,2.4,2026-06-29
600936.SH,北投科技,4.22,2026-06-29
600938.SH,中国海油,27.34,2026-06-29
600939.SH,重庆建工,2.36,2026-06-29
600955.SH,维远股份,15.1,2026-06-29
600956.SH,新天绿能,7.03,2026-06-29
600958.SH,东方证券,9.48,2026-06-29
600959.SH,江苏有线,2.9,2026-06-29
600960.SH,渤海汽车,3.96,2026-06-29
600961.SH,株冶集团,33.76,2026-06-29
600962.SH,国投中鲁,29.02,2026-06-29
600963.SH,岳阳林纸,3.05,2026-06-29
600966.SH,博汇纸业,5.0,2026-06-29
600967.SH,内蒙一机,10.7,2026-06-29
600968.SH,海油发展,3.43,2026-06-29
600969.SH,郴电国际,7.59,2026-06-29
600970.SH,中材国际,7.29,2026-06-29
600971.SH,恒源煤电,7.06,2026-06-29
600973.SH,宝胜股份,7.4,2026-06-29
600975.SH,新五丰,4.38,2026-06-29
600976.SH,健民集团,26.39,2026-06-29
600977.SH,中国电影,13.09,2026-06-29
600979.SH,广安爱众,3.98,2026-06-29
600980.SH,北矿科技,18.56,2026-06-29
600981.SH,苏豪汇鸿,2.24,2026-06-29
600982.SH,宁波能源,4.83,2026-06-29
600983.SH,惠而浦,7.12,2026-06-29
600984.SH,建设机械,3.85,2026-06-29
600985.SH,淮北矿业,14.82,2026-06-29
600986.SH,浙文互联,6.91,2026-06-29
600987.SH,航民股份,6.19,2026-06-29
600988.SH,赤峰黄金,26.68,2026-06-29
600989.SH,宝丰能源,20.82,2026-06-29
600990.SH,四创电子,17.15,2026-06-29
600992.SH,贵绳股份,8.68,2026-06-29
600993.SH,马应龙,22.27,2026-06-29
600995.SH,南网储能,12.3,2026-06-29
600996.SH,贵广网络,7.57,2026-06-29
600997.SH,开滦股份,4.83,2026-06-29
600998.SH,九州通,4.77,2026-06-29
600999.SH,招商证券,21.2,2026-06-29
601000.SH,唐山港,4.19,2026-06-29
601001.SH,晋控煤业,18.4,2026-06-29
601002.SH,晋亿实业,4.28,2026-06-29
601003.SH,柳钢股份,3.39,2026-06-29
601006.SH,大秦铁路,4.71,2026-06-29
601007.SH,金陵饭店,6.18,2026-06-29
601008.SH,连云港,4.05,2026-06-29
601009.SH,南京银行,10.27,2026-06-29
601011.SH,宝泰隆,2.68,2026-06-29
601012.SH,隆基绿能,12.81,2026-06-29
601015.SH,陕西黑猫,2.95,2026-06-29
601016.SH,节能风电,3.83,2026-06-29
601018.SH,宁波港,3.2,2026-06-29
601019.SH,山东出版,6.58,2026-06-29
601020.SH,华钰矿业,24.15,2026-06-29
601022.SH,宁波远洋,7.73,2026-06-29
601026.SH,道生天合,14.37,2026-06-29
601033.SH,永兴股份,13.69,2026-06-29
601038.SH,一拖股份,10.62,2026-06-29
601058.SH,赛轮轮胎,11.92,2026-06-29
601059.SH,信达证券,16.18,2026-06-29
601061.SH,中信金属,10.82,2026-06-29
601065.SH,江盐集团,6.71,2026-06-29
601066.SH,中信建投,29.46,2026-06-29
601068.SH,中铝国际,4.4,2026-06-29
601069.SH,西部黄金,22.55,2026-06-29
601077.SH,渝农商行,6.37,2026-06-29
601083.SH,锦江航运,10.2,2026-06-29
601086.SH,国芳集团,6.63,2026-06-29
601088.SH,中国神华,39.98,2026-06-29
601089.SH,福元医药,16.71,2026-06-29
601096.SH,宏盛华源,4.33,2026-06-29
601098.SH,中南传媒,9.96,2026-06-29
601099.SH,太平洋,3.35,2026-06-29
601101.SH,昊华能源,10.87,2026-06-29
601106.SH,中国一重,3.28,2026-06-29
601107.SH,四川成渝,5.05,2026-06-29
601108.SH,财通证券,8.6,2026-06-29
601111.SH,中国国航,6.21,2026-06-29
601112.SH,振石股份,17.11,2026-06-29
601113.SH,华鼎股份,3.3,2026-06-29
601116.SH,三江购物,9.94,2026-06-29
601117.SH,中国化学,7.63,2026-06-29
601118.SH,海南橡胶,4.86,2026-06-29
601121.SH,宝地矿业,5.72,2026-06-29
601128.SH,常熟银行,5.92,2026-06-29
601136.SH,首创证券,14.01,2026-06-29
601137.SH,博威合金,21.98,2026-06-29
601139.SH,深圳燃气,5.66,2026-06-29
601155.SH,新城控股,10.52,2026-06-29
601156.SH,东航物流,16.37,2026-06-29
601158.SH,重庆水务,3.93,2026-06-29
601162.SH,天风证券,3.36,2026-06-29
601163.SH,三角轮胎,12.89,2026-06-29
601166.SH,兴业银行,16.88,2026-06-29
601168.SH,西部矿业,27.31,2026-06-29
601169.SH,北京银行,4.97,2026-06-29
601177.SH,杭齿前进,12.2,2026-06-29
601179.SH,中国西电,15.0,2026-06-29
601186.SH,中国铁建,6.04,2026-06-29
601187.SH,厦门银行,7.08,2026-06-29
601188.SH,龙江交通,2.81,2026-06-29
601198.SH,东兴证券,13.43,2026-06-29
601199.SH,江南水务,5.6,2026-06-29
601200.SH,上海环境,6.67,2026-06-29
601211.SH,国泰海通,18.13,2026-06-29
601212.SH,白银有色,5.09,2026-06-29
601216.SH,君正集团,4.54,2026-06-29
601218.SH,吉鑫科技,4.29,2026-06-29
601222.SH,林洋能源,5.41,2026-06-29
601225.SH,陕西煤业,21.0,2026-06-29
601226.SH,XD华电科,6.55,2026-06-29
601228.SH,广州港,2.88,2026-06-29
601229.SH,上海银行,8.89,2026-06-29
601231.SH,环旭电子,30.81,2026-06-29
601233.SH,桐昆股份,23.2,2026-06-29
601236.SH,红塔证券,6.83,2026-06-29
601238.SH,广汽集团,5.12,2026-06-29
601279.SH,英利汽车,3.04,2026-06-29
601288.SH,农业银行,6.24,2026-06-29
601298.SH,青岛港,8.29,2026-06-29
601311.SH,骆驼股份,7.72,2026-06-29
601319.SH,中国人保,7.0,2026-06-29
601326.SH,秦港股份,3.24,2026-06-29
601328.SH,交通银行,6.57,2026-06-29
601330.SH,绿色动力,7.1,2026-06-29
601333.SH,广深铁路,2.83,2026-06-29
601339.SH,百隆东方,7.29,2026-06-29
601360.SH,三六零,8.46,2026-06-29
601366.SH,利群股份,3.28,2026-06-29
601368.SH,绿城水务,4.18,2026-06-29
601375.SH,中原证券,3.97,2026-06-29
601377.SH,兴业证券,6.07,2026-06-29
601388.SH,怡球资源,2.88,2026-06-29
601390.SH,中国中铁,4.25,2026-06-29
601398.SH,工商银行,7.22,2026-06-29
601399.SH,国机重装,3.48,2026-06-29
601456.SH,国联民生,8.87,2026-06-29
601500.SH,通用股份,3.64,2026-06-29
601512.SH,中新集团,7.78,2026-06-29
601515.SH,衢州东峰,3.18,2026-06-29
601518.SH,吉林高速,2.83,2026-06-29
601519.SH,大智慧,8.57,2026-06-29
601528.SH,瑞丰银行,4.5,2026-06-29
601555.SH,东吴证券,7.9,2026-06-29
601566.SH,九牧王,8.12,2026-06-29
601567.SH,三星电气,14.78,2026-06-29
601568.SH,北元化工,3.44,2026-06-29
601577.SH,长沙银行,8.9,2026-06-29
601579.SH,会稽山,15.1,2026-06-29
601595.SH,上海电影,16.66,2026-06-29
601598.SH,XD中国外,5.07,2026-06-29
601599.SH,浙文影业,2.82,2026-06-29
601600.SH,中国铝业,8.54,2026-06-29
601601.SH,中国太保,29.35,2026-06-29
601606.SH,长城军工,27.03,2026-06-29
601607.SH,上海医药,15.88,2026-06-29
601608.SH,中信重工,4.67,2026-06-29
601609.SH,金田股份,10.58,2026-06-29
601611.SH,中国核建,11.1,2026-06-29
601615.SH,明阳智能,11.27,2026-06-29
601616.SH,广电电气,3.39,2026-06-29
601618.SH,中国中冶,2.47,2026-06-29
601619.SH,嘉泽新能,4.03,2026-06-29
601628.SH,中国人寿,35.74,2026-06-29
601633.SH,长城汽车,15.45,2026-06-29
601636.SH,旗滨集团,9.82,2026-06-29
601658.SH,邮储银行,4.97,2026-06-29
601665.SH,齐鲁银行,5.93,2026-06-29
601666.SH,平煤股份,7.55,2026-06-29
601668.SH,中国建筑,4.4,2026-06-29
601669.SH,中国电建,4.78,2026-06-29
601677.SH,明泰铝业,16.39,2026-06-29
601678.SH,滨化股份,6.47,2026-06-29
601686.SH,友发集团,4.92,2026-06-29
601688.SH,华泰证券,20.86,2026-06-29
601696.SH,中银证券,12.43,2026-06-29
601698.SH,中国卫通,29.15,2026-06-29
601699.SH,潞安环能,14.92,2026-06-29
601700.SH,风范股份,4.27,2026-06-29
601702.SH,华峰铝业,14.47,2026-06-29
601717.SH,中创智领,14.0,2026-06-29
601727.SH,上海电气,7.08,2026-06-29
601728.SH,中国电信,5.29,2026-06-29
601766.SH,中国中车,5.28,2026-06-29
601777.SH,千里科技,8.4,2026-06-29
601778.SH,晶科科技,4.24,2026-06-29
601788.SH,光大证券,14.59,2026-06-29
601789.SH,宁波建工,4.02,2026-06-29
601798.SH,蓝科高新,7.38,2026-06-29
601800.SH,中国交建,5.83,2026-06-29
601801.SH,皖新传媒,4.97,2026-06-29
601808.SH,中海油服,10.91,2026-06-29
601811.SH,新华文轩,11.22,2026-06-29
601816.SH,京沪高铁,4.61,2026-06-29
601818.SH,光大银行,2.95,2026-06-29
601825.SH,XD沪农商,7.85,2026-06-29
601827.SH,三峰环境,7.31,2026-06-29
601828.SH,美凯龙,2.1,2026-06-29
601838.SH,成都银行,18.03,2026-06-29
601857.SH,中国石油,8.92,2026-06-29
601858.SH,中国科传,17.36,2026-06-29
601860.SH,紫金银行,2.46,2026-06-29
601865.SH,福莱特,10.25,2026-06-29
601866.SH,中远海发,2.25,2026-06-29
601868.SH,中国能建,2.69,2026-06-29
601872.SH,招商轮船,18.26,2026-06-29
601877.SH,正泰电器,25.2,2026-06-29
601878.SH,浙商证券,9.57,2026-06-29
601881.SH,中国银河,12.59,2026-06-29
601882.SH,海天精工,18.39,2026-06-29
601886.SH,江河集团,8.22,2026-06-29
601890.SH,亚星锚链,8.12,2026-06-29
601898.SH,中煤能源,12.79,2026-06-29
601899.SH,紫金矿业,25.79,2026-06-29
601900.SH,南方传媒,10.93,2026-06-29
601901.SH,方正证券,7.15,2026-06-29
601908.SH,京运通,3.02,2026-06-29
601916.SH,浙商银行,2.74,2026-06-29
601918.SH,新集能源,8.85,2026-06-29
601919.SH,中远海控,13.4,2026-06-29
601921.SH,浙版传媒,6.85,2026-06-29
601928.SH,凤凰传媒,8.71,2026-06-29
601929.SH,吉视传媒,2.2,2026-06-29
601933.SH,永辉超市,2.9,2026-06-29
601939.SH,建设银行,9.83,2026-06-29
601949.SH,中国出版,4.73,2026-06-29
601952.SH,XD苏垦农,7.59,2026-06-29
601956.SH,东贝集团,4.71,2026-06-29
601958.SH,金钼股份,29.55,2026-06-29
601963.SH,重庆银行,10.33,2026-06-29
601965.SH,中国汽研,11.66,2026-06-29
601966.SH,玲珑轮胎,10.34,2026-06-29
601968.SH,宝钢包装,4.01,2026-06-29
601969.SH,海南矿业,7.99,2026-06-29
601975.SH,招商南油,3.98,2026-06-29
601985.SH,中国核电,9.06,2026-06-29
601988.SH,中国银行,5.8,2026-06-29
601990.SH,南京证券,6.63,2026-06-29
601991.SH,大唐发电,7.04,2026-06-29
601995.SH,中金公司,36.2,2026-06-29
601996.SH,丰林集团,2.1,2026-06-29
601997.SH,贵阳银行,5.27,2026-06-29
601998.SH,中信银行,7.13,2026-06-29
601999.SH,出版传媒,5.58,2026-06-29
603000.SH,人民网,14.61,2026-06-29
603002.SH,宏昌电子,24.32,2026-06-29
603004.SH,鼎龙科技,23.77,2026-06-29
603006.SH,联明股份,13.95,2026-06-29
603007.SH,顺景科技,5.68,2026-06-29
603010.SH,万盛股份,17.59,2026-06-29
603011.SH,合锻智能,31.42,2026-06-29
603012.SH,创力集团,7.95,2026-06-29
603013.SH,亚普股份,15.93,2026-06-29
603014.SH,威高血净,34.1,2026-06-29
603015.SH,弘讯科技,12.07,2026-06-29
603016.SH,新宏泰,34.04,2026-06-29
603017.SH,中衡设计,9.89,2026-06-29
603018.SH,DR华设集,5.19,2026-06-29
603020.SH,爱普股份,13.8,2026-06-29
603022.SH,新通联,8.12,2026-06-29
603023.SH,威帝股份,3.58,2026-06-29
603025.SH,大豪科技,13.11,2026-06-29
603027.SH,千禾味业,7.2,2026-06-29
603028.SH,赛福天,6.63,2026-06-29
603029.SH,天鹅股份,14.27,2026-06-29
603032.SH,德新科技,26.87,2026-06-29
603033.SH,三维股份,9.13,2026-06-29
603035.SH,常熟汽饰,10.56,2026-06-29
603036.SH,如通股份,14.05,2026-06-29
603037.SH,凯众股份,9.92,2026-06-29
603038.SH,华立股份,14.51,2026-06-29
603039.SH,泛微网络,34.18,2026-06-29
603041.SH,美思德,10.32,2026-06-29
603042.SH,华脉科技,13.8,2026-06-29
603043.SH,广州酒家,12.7,2026-06-29
603048.SH,浙江黎明,17.6,2026-06-29
603050.SH,科林电气,19.09,2026-06-29
603051.SH,鹿山新材,18.18,2026-06-29
603053.SH,成都燃气,8.45,2026-06-29
603055.SH,台华新材,8.05,2026-06-29
603057.SH,紫燕食品,22.8,2026-06-29
603058.SH,永吉股份,9.01,2026-06-29
603059.SH,倍加洁,24.5,2026-06-29
603060.SH,XD国检集,5.64,2026-06-29
603062.SH,麦加芯彩,38.64,2026-06-29
603065.SH,宿迁联盛,19.67,2026-06-29
603066.SH,音飞储存,9.67,2026-06-29
603068.SH,博通集成,37.81,2026-06-29
603069.SH,海汽集团,12.59,2026-06-29
603070.SH,万控智造,12.42,2026-06-29
603071.SH,物产环能,11.26,2026-06-29
603072.SH,天和磁材,38.61,2026-06-29
603073.SH,彩蝶实业,15.08,2026-06-29
603075.SH,热威股份,21.94,2026-06-29
603076.SH,乐惠国际,20.0,2026-06-29
603077.SH,和邦生物,2.31,2026-06-29
603079.SH,圣达生物,11.6,2026-06-29
603080.SH,新疆火炬,18.64,2026-06-29
603081.SH,大丰实业,8.61,2026-06-29
603085.SH,天成自控,10.55,2026-06-29
603086.SH,先达股份,5.25,2026-06-29
603088.SH,宁波精达,9.5,2026-06-29
603089.SH,正裕工业,8.38,2026-06-29
603093.SH,南华期货,18.34,2026-06-29
603095.SH,越剑智能,14.14,2026-06-29
603096.SH,新经典,13.62,2026-06-29
603097.SH,江苏华辰,26.65,2026-06-29
603098.SH,森特股份,10.28,2026-06-29
603099.SH,长白山,35.38,2026-06-29
603100.SH,川仪股份,16.91,2026-06-29
603101.SH,汇嘉时代,6.33,2026-06-29
603102.SH,百合股份,32.14,2026-06-29
603103.SH,横店影视,14.44,2026-06-29
603105.SH,芯能科技,6.85,2026-06-29
603106.SH,恒银科技,7.09,2026-06-29
603107.SH,上海汽配,11.31,2026-06-29
603108.SH,润达医疗,9.2,2026-06-29
603109.SH,神驰机电,16.13,2026-06-29
603110.SH,东方材料,22.96,2026-06-29
603111.SH,康尼机电,5.71,2026-06-29
603112.SH,华翔股份,16.35,2026-06-29
603113.SH,金能科技,4.25,2026-06-29
603116.SH,红蜻蜓,5.69,2026-06-29
603117.SH,万林物流,3.39,2026-06-29
603118.SH,XD共进股,11.01,2026-06-29
603121.SH,华培动力,11.85,2026-06-29
603122.SH,合富中国,11.21,2026-06-29
603123.SH,翠微股份,7.83,2026-06-29
603125.SH,常青科技,29.76,2026-06-29
603126.SH,中材节能,6.52,2026-06-29
603127.SH,昭衍新药,39.6,2026-06-29
603128.SH,华贸物流,5.07,2026-06-29
603130.SH,云中马,37.95,2026-06-29
603131.SH,上海沪工,16.55,2026-06-29
603132.SH,金徽股份,15.72,2026-06-29
603135.SH,中重科技,11.85,2026-06-29
603136.SH,天目湖,8.44,2026-06-29
603138.SH,海量数据,13.72,2026-06-29
603139.SH,康惠股份,39.96,2026-06-29
603151.SH,邦基科技,11.22,2026-06-29
603153.SH,上海建科,12.68,2026-06-29
603155.SH,新亚强,27.87,2026-06-29
603158.SH,腾龙股份,11.63,2026-06-29
603159.SH,上海亚虹,16.59,2026-06-29
603161.SH,科华控股,13.38,2026-06-29
603162.SH,海通发展,9.05,2026-06-29
603165.SH,荣晟环保,13.22,2026-06-29
603166.SH,福达股份,13.68,2026-06-29
603167.SH,渤海轮渡,8.74,2026-06-29
603168.SH,莎普爱思,4.84,2026-06-29
603169.SH,兰石重装,7.44,2026-06-29
603170.SH,宝立食品,11.59,2026-06-29
603171.SH,税友股份,39.71,2026-06-29
603172.SH,万丰股份,16.6,2026-06-29
603173.SH,福斯达,34.02,2026-06-29
603176.SH,汇通集团,4.35,2026-06-29
603177.SH,德创环保,7.83,2026-06-29
603178.SH,圣龙股份,13.82,2026-06-29
603180.SH,金牌家居,13.98,2026-06-29
603181.SH,皇马科技,16.18,2026-06-29
603182.SH,嘉华股份,11.69,2026-06-29
603183.SH,建研院,3.56,2026-06-29
603185.SH,弘元绿能,16.02,2026-06-29
603187.SH,海容冷链,11.64,2026-06-29
603188.SH,亚邦股份,3.93,2026-06-29
603190.SH,亚通精工,22.89,2026-06-29
603191.SH,望变电气,15.72,2026-06-29
603192.SH,汇得科技,16.77,2026-06-29
603193.SH,润本股份,18.7,2026-06-29
603194.SH,中力股份,38.04,2026-06-29
603195.SH,公牛集团,38.92,2026-06-29
603196.SH,璞源材料,24.0,2026-06-29
603197.SH,保隆科技,26.98,2026-06-29
603198.SH,迎驾贡酒,30.25,2026-06-29
603199.SH,九华旅游,31.39,2026-06-29
603201.SH,常润股份,14.01,2026-06-29
603205.SH,健尔康,20.92,2026-06-29
603206.SH,嘉环科技,15.67,2026-06-29
603207.SH,小方制药,22.96,2026-06-29
603208.SH,江山欧派,10.77,2026-06-29
603209.SH,兴通股份,12.57,2026-06-29
603210.SH,泰鸿万立,13.62,2026-06-29
603211.SH,晋拓股份,32.28,2026-06-29
603212.SH,赛伍技术,11.13,2026-06-29
603213.SH,镇洋发展,14.02,2026-06-29
603214.SH,爱婴室,12.3,2026-06-29
603215.SH,比依股份,13.86,2026-06-29
603216.SH,梦天家居,20.65,2026-06-29
603217.SH,元利科技,22.44,2026-06-29
603218.SH,日月股份,10.1,2026-06-29
603219.SH,富佳股份,14.58,2026-06-29
603220.SH,中贝通信,20.61,2026-06-29
603221.SH,爱丽家居,10.16,2026-06-29
603222.SH,济民健康,7.68,2026-06-29
603223.SH,恒通股份,12.51,2026-06-29
603225.SH,新凤鸣,20.57,2026-06-29
603227.SH,雪峰科技,7.06,2026-06-29
603229.SH,奥翔药业,8.08,2026-06-29
603230.SH,内蒙新华,8.85,2026-06-29
603231.SH,索宝蛋白,14.96,2026-06-29
603232.SH,格尔软件,14.59,2026-06-29
603233.SH,大参林,15.48,2026-06-29
603235.SH,天新药业,22.89,2026-06-29
603237.SH,五芳斋,12.49,2026-06-29
603238.SH,诺邦股份,11.23,2026-06-29
603239.SH,浙江仙通,14.08,2026-06-29
603248.SH,锡华科技,20.82,2026-06-29
603255.SH,鼎际得,34.5,2026-06-29
603258.SH,电魂网络,12.15,2026-06-29
603262.SH,技源集团,27.36,2026-06-29
603266.SH,天龙股份,15.89,2026-06-29
603269.SH,海鸥股份,22.61,2026-06-29
603270.SH,金帝股份,32.0,2026-06-29
603273.SH,天元智能,12.82,2026-06-29
603275.SH,众辰科技,36.8,2026-06-29
603276.SH,恒兴新材,15.34,2026-06-29
603277.SH,银都股份,10.17,2026-06-29
603278.SH,大业股份,10.47,2026-06-29
603279.SH,景津装备,12.04,2026-06-29
603280.SH,南方路机,25.3,2026-06-29
603282.SH,亚光股份,14.43,2026-06-29
603284.SH,林平发展,35.97,2026-06-29
603288.SH,海天味业,34.08,2026-06-29
603289.SH,泰瑞机器,7.99,2026-06-29
603291.SH,联合水务,8.07,2026-06-29
603293.SH,埃泰克,39.0,2026-06-29
603298.SH,杭叉集团,24.45,2026-06-29
603299.SH,苏盐井神,8.83,2026-06-29
603300.SH,海南华铁,4.52,2026-06-29
603303.SH,得邦照明,27.18,2026-06-29
603305.SH,旭升集团,11.54,2026-06-29
603307.SH,扬州金泉,23.58,2026-06-29
603309.SH,维力医疗,11.44,2026-06-29
603310.SH,巍华新材,14.71,2026-06-29
603311.SH,金海高科,33.93,2026-06-29
603312.SH,西典新能,33.99,2026-06-29
603313.SH,梦百合,6.22,2026-06-29
603315.SH,福鞍股份,15.37,2026-06-29
603316.SH,诚邦股份,20.31,2026-06-29
603317.SH,天味食品,13.51,2026-06-29
603318.SH,水发燃气,9.69,2026-06-29
603319.SH,美湖股份,31.3,2026-06-29
603320.SH,迪贝电气,17.35,2026-06-29
603321.SH,梅轮电梯,5.85,2026-06-29
603322.SH,超讯科技,25.8,2026-06-29
603323.SH,苏农银行,3.95,2026-06-29
603326.SH,我乐家居,6.3,2026-06-29
603327.SH,福蓉科技,8.77,2026-06-29
603328.SH,依顿电子,12.19,2026-06-29
603329.SH,上海雅仕,9.04,2026-06-29
603330.SH,天洋新材,7.36,2026-06-29
603331.SH,百达精工,10.4,2026-06-29
603332.SH,苏州龙杰,10.34,2026-06-29
603333.SH,福华尚纬,7.49,2026-06-29
603334.SH,丰倍生物,36.55,2026-06-29
603335.SH,迪生力,8.23,2026-06-29
603336.SH,宏辉果蔬,8.2,2026-06-29
603337.SH,杰克科技,36.95,2026-06-29
603339.SH,四方科技,13.76,2026-06-29
603344.SH,星德胜,23.1,2026-06-29
603348.SH,文灿股份,13.46,2026-06-29
603350.SH,安乃达,30.84,2026-06-29
603351.SH,威尔药业,24.78,2026-06-29
603352.SH,至信股份,25.85,2026-06-29
603353.SH,和顺石油,37.71,2026-06-29
603355.SH,莱克电气,28.39,2026-06-29
603356.SH,华菱精工,16.32,2026-06-29
603357.SH,设计总院,6.19,2026-06-29
603360.SH,百傲化学,15.9,2026-06-29
603363.SH,傲农生物,2.68,2026-06-29
603365.SH,水星家纺,15.95,2026-06-29
603366.SH,日出东方,6.61,2026-06-29
603367.SH,辰欣药业,13.27,2026-06-29
603368.SH,柳药集团,15.08,2026-06-29
603369.SH,今世缘,24.19,2026-06-29
603370.SH,华新精科,35.46,2026-06-29
603373.SH,安邦护卫,36.17,2026-06-29
603376.SH,大明电子,24.67,2026-06-29
603381.SH,永臻股份,15.25,2026-06-29
603382.SH,海阳科技,17.1,2026-06-29
603383.SH,顶点软件,26.26,2026-06-29
603385.SH,惠达卫浴,4.96,2026-06-29
603386.SH,骏亚科技,20.01,2026-06-29
603387.SH,基蛋生物,7.83,2026-06-29
603390.SH,通达电气,10.39,2026-06-29
603392.SH,万泰生物,27.28,2026-06-29
603393.SH,新天然气,22.12,2026-06-29
603395.SH,红四方,20.38,2026-06-29
603396.SH,金辰股份,25.97,2026-06-29
603399.SH,永杉锂业,21.35,2026-06-29
603406.SH,天富龙,26.05,2026-06-29
603408.SH,建霖家居,9.8,2026-06-29
603409.SH,汇通控股,18.31,2026-06-29
603421.SH,鼎信通讯,6.03,2026-06-29
603439.SH,三力制药,12.85,2026-06-29
603456.SH,九洲药业,13.58,2026-06-29
603458.SH,勘设股份,15.56,2026-06-29
603466.SH,风语筑,10.05,2026-06-29
603477.SH,巨星农牧,14.55,2026-06-29
603488.SH,展鹏科技,10.08,2026-06-29
603489.SH,八方股份,28.09,2026-06-29
603496.SH,恒为科技,22.2,2026-06-29
603499.SH,翔港科技,13.28,2026-06-29
603500.SH,祥和实业,11.84,2026-06-29
603505.SH,金石资源,19.15,2026-06-29
603506.SH,南都物业,9.49,2026-06-29
603507.SH,振江股份,33.11,2026-06-29
603508.SH,思维列控,21.16,2026-06-29
603511.SH,爱慕股份,11.7,2026-06-29
603515.SH,欧普照明,16.78,2026-06-29
603518.SH,锦泓集团,7.29,2026-06-29
603519.SH,立霸股份,15.41,2026-06-29
603520.SH,司太立,10.89,2026-06-29
603527.SH,众源新材,11.85,2026-06-29
603528.SH,多伦科技,5.87,2026-06-29
603529.SH,爱玛科技,19.72,2026-06-29
603533.SH,掌阅科技,20.14,2026-06-29
603535.SH,嘉诚国际,6.09,2026-06-29
603536.SH,惠发食品,7.98,2026-06-29
603538.SH,美诺华,34.26,2026-06-29
603551.SH,奥普科技,8.86,2026-06-29
603556.SH,海兴电力,21.38,2026-06-29
603558.SH,健盛集团,11.32,2026-06-29
603565.SH,中谷物流,10.27,2026-06-29
603566.SH,普莱柯,10.08,2026-06-29
603567.SH,珍宝岛,4.46,2026-06-29
603568.SH,伟明环保,15.64,2026-06-29
603569.SH,长久物流,5.4,2026-06-29
603577.SH,汇金通,8.56,2026-06-29
603578.SH,三星新材,11.81,2026-06-29
603579.SH,荣泰健康,17.0,2026-06-29
603583.SH,捷昌驱动,21.86,2026-06-29
603585.SH,苏利股份,13.7,2026-06-29
603586.SH,金麒麟,12.59,2026-06-29
603587.SH,地素时尚,11.26,2026-06-29
603588.SH,高能环境,19.34,2026-06-29
603589.SH,口子窖,18.86,2026-06-29
603590.SH,康辰药业,30.0,2026-06-29
603596.SH,伯特利,23.97,2026-06-29
603598.SH,引力传媒,16.97,2026-06-29
603599.SH,广信股份,9.84,2026-06-29
603600.SH,永艺股份,9.18,2026-06-29
603601.SH,再升科技,11.87,2026-06-29
603602.SH,纵横通信,11.02,2026-06-29
603607.SH,京华激光,22.36,2026-06-29
603608.SH,天创时尚,22.17,2026-06-29
603609.SH,禾丰股份,5.84,2026-06-29
603610.SH,麒盛科技,18.55,2026-06-29
603611.SH,诺力股份,16.07,2026-06-29
603612.SH,索通发展,17.89,2026-06-29
603613.SH,国联股份,18.38,2026-06-29
603615.SH,茶花股份,16.41,2026-06-29
603616.SH,韩建河山,5.9,2026-06-29
603617.SH,君禾股份,6.97,2026-06-29
603619.SH,中曼石油,18.79,2026-06-29
603626.SH,科森科技,17.82,2026-06-29
603628.SH,清源股份,9.26,2026-06-29
603630.SH,拉芳家化,12.75,2026-06-29
603633.SH,徕木股份,6.66,2026-06-29
603636.SH,南威软件,7.81,2026-06-29
603637.SH,镇海股份,16.64,2026-06-29
603638.SH,艾迪精密,22.5,2026-06-29
603639.SH,海利尔,10.14,2026-06-29
603648.SH,畅联股份,8.63,2026-06-29
603655.SH,朗博科技,28.48,2026-06-29
603656.SH,泰禾智能,17.42,2026-06-29
603657.SH,春光科技,24.75,2026-06-29
603658.SH,安图生物,29.9,2026-06-29
603659.SH,璞泰来,27.49,2026-06-29
603660.SH,苏州科达,11.7,2026-06-29
603661.SH,恒林股份,39.3,2026-06-29
603665.SH,康隆达,25.77,2026-06-29
603666.SH,亿嘉和,25.77,2026-06-29
603668.SH,天马科技,12.91,2026-06-29
603669.SH,灵康药业,5.46,2026-06-29
603676.SH,XD卫信康,8.33,2026-06-29
603677.SH,奇精机械,12.8,2026-06-29
603679.SH,华体科技,19.7,2026-06-29
603680.SH,今创集团,9.82,2026-06-29
603681.SH,永冠新材,22.32,2026-06-29
603682.SH,锦和商管,7.7,2026-06-29
603683.SH,晶华新材,28.51,2026-06-29
603685.SH,晨丰科技,28.55,2026-06-29
603686.SH,福龙马,12.81,2026-06-29
603687.SH,大胜达,20.35,2026-06-29
603689.SH,皖天然气,7.01,2026-06-29
603690.SH,至纯科技,35.39,2026-06-29
603693.SH,江苏新能,12.66,2026-06-29
603696.SH,安记食品,11.64,2026-06-29
603697.SH,有友食品,10.33,2026-06-29
603698.SH,航天工程,39.87,2026-06-29
603700.SH,宁水集团,11.29,2026-06-29
603701.SH,德宏股份,21.55,2026-06-29
603703.SH,盛洋科技,10.72,2026-06-29
603706.SH,东方环宇,17.11,2026-06-29
603707.SH,健友股份,7.26,2026-06-29
603708.SH,家家悦,8.7,2026-06-29
603709.SH,中源家居,13.76,2026-06-29
603711.SH,香飘飘,11.44,2026-06-29
603712.SH,七一二,12.43,2026-06-29
603716.SH,塞力医疗,14.76,2026-06-29
603717.SH,天域生物,6.12,2026-06-29
603719.SH,良品铺子,8.89,2026-06-29
603721.SH,中广天择,17.05,2026-06-29
603725.SH,天安新材,11.29,2026-06-29
603726.SH,朗迪集团,32.35,2026-06-29
603727.SH,博迈科,17.18,2026-06-29
603730.SH,岱美股份,11.54,2026-06-29
603733.SH,仙鹤股份,26.66,2026-06-29
603737.SH,三棵树,24.27,2026-06-29
603739.SH,蔚蓝生物,11.82,2026-06-29
603755.SH,日辰股份,23.04,2026-06-29
603758.SH,秦安股份,9.03,2026-06-29
603759.SH,海天股份,6.97,2026-06-29
603766.SH,隆鑫通用,11.93,2026-06-29
603767.SH,中马传动,14.05,2026-06-29
603768.SH,常青股份,9.27,2026-06-29
603776.SH,永安行,20.45,2026-06-29
603777.SH,来伊份,15.76,2026-06-29
603778.SH,国晟科技,12.1,2026-06-29
603779.SH,威龙股份,7.43,2026-06-29
603787.SH,新日股份,9.21,2026-06-29
603788.SH,宁波高发,13.65,2026-06-29
603790.SH,雅运股份,21.74,2026-06-29
603797.SH,联泰环保,3.84,2026-06-29
603798.SH,康普顿,13.65,2026-06-29
603801.SH,志邦家居,5.54,2026-06-29
603803.SH,瑞斯康达,11.12,2026-06-29
603806.SH,福斯特,16.77,2026-06-29
603808.SH,歌力思,7.73,2026-06-29
603809.SH,豪能股份,8.56,2026-06-29
603810.SH,丰山集团,11.09,2026-06-29
603811.SH,诚意药业,7.75,2026-06-29
603813.SH,原尚股份,35.45,2026-06-29
603815.SH,交建股份,5.29,2026-06-29
603816.SH,顾家家居,22.88,2026-06-29
603817.SH,海峡环保,5.2,2026-06-29
603818.SH,曲美家居,2.9,2026-06-29
603819.SH,神力股份,11.1,2026-06-29
603826.SH,坤彩科技,26.23,2026-06-29
603829.SH,洛凯股份,16.21,2026-06-29
603833.SH,欧派家居,30.39,2026-06-29
603836.SH,海程邦达,7.96,2026-06-29
603839.SH,安正时尚,5.94,2026-06-29
603848.SH,好太太,13.31,2026-06-29
603855.SH,华荣股份,17.04,2026-06-29
603856.SH,东宏股份,13.3,2026-06-29
603858.SH,步长制药,15.21,2026-06-29
603860.SH,中公高科,24.05,2026-06-29
603861.SH,白云电器,13.59,2026-06-29
603863.SH,松炀资源,12.44,2026-06-29
603866.SH,桃李面包,3.75,2026-06-29
603867.SH,新化股份,34.79,2026-06-29
603868.SH,飞科电器,30.18,2026-06-29
603871.SH,嘉友国际,10.31,2026-06-29
603876.SH,XD鼎胜新,26.19,2026-06-29
603877.SH,太平鸟,12.22,2026-06-29
603878.SH,武进不锈,5.22,2026-06-29
603879.SH,永悦科技,4.47,2026-06-29
603880.SH,南卫股份,7.74,2026-06-29
603881.SH,数据港,23.82,2026-06-29
603882.SH,金域医学,22.76,2026-06-29
603883.SH,老百姓,11.26,2026-06-29
603885.SH,吉祥航空,10.57,2026-06-29
603886.SH,元祖股份,13.02,2026-06-29
603887.SH,城地香江,9.23,2026-06-29
603888.SH,新华网,17.17,2026-06-29
603889.SH,新澳股份,5.32,2026-06-29
603890.SH,春秋电子,26.27,2026-06-29
603895.SH,天永智能,27.55,2026-06-29
603896.SH,寿仙谷,13.23,2026-06-29
603897.SH,长城科技,32.12,2026-06-29
603898.SH,好莱客,15.59,2026-06-29
603899.SH,晨光股份,20.97,2026-06-29
603900.SH,莱绅通灵,5.73,2026-06-29
603901.SH,永创智能,10.14,2026-06-29
603903.SH,中持股份,13.05,2026-06-29
603906.SH,龙蟠科技,25.68,2026-06-29
603908.SH,牧高笛,17.29,2026-06-29
603909.SH,建发合诚,8.79,2026-06-29
603912.SH,佳力图,7.52,2026-06-29
603915.SH,国茂股份,13.7,2026-06-29
603916.SH,苏博特,13.86,2026-06-29
603917.SH,合力科技,11.83,2026-06-29
603918.SH,金桥信息,9.37,2026-06-29
603919.SH,金徽酒,15.79,2026-06-29
603926.SH,铁流股份,17.01,2026-06-29
603927.SH,中科软,12.66,2026-06-29
603928.SH,兴业股份,13.45,2026-06-29
603933.SH,睿能科技,21.8,2026-06-29
603936.SH,博敏电子,26.65,2026-06-29
603937.SH,丽岛新材,13.48,2026-06-29
603939.SH,益丰药房,18.88,2026-06-29
603948.SH,建业股份,23.32,2026-06-29
603949.SH,雪龙集团,17.27,2026-06-29
603955.SH,大千生态,19.79,2026-06-29
603956.SH,威派格,6.41,2026-06-29
603958.SH,哈森股份,17.12,2026-06-29
603960.SH,克来机电,17.1,2026-06-29
603966.SH,法兰泰克,8.08,2026-06-29
603967.SH,中创物流,10.72,2026-06-29
603968.SH,醋化股份,9.36,2026-06-29
603969.SH,银龙股份,7.3,2026-06-29
603970.SH,中农立华,9.78,2026-06-29
603976.SH,正川股份,27.07,2026-06-29
603977.SH,国泰集团,16.05,2026-06-29
603978.SH,深圳新星,29.84,2026-06-29
603980.SH,吉华集团,6.55,2026-06-29
603982.SH,泉峰汽车,5.58,2026-06-29
603983.SH,丸美生物,25.58,2026-06-29
603985.SH,恒润股份,21.84,2026-06-29
603987.SH,康德莱,7.06,2026-06-29
603988.SH,中电电机,16.28,2026-06-29
603990.SH,麦迪科技,20.65,2026-06-29
603992.SH,松霖科技,31.15,2026-06-29
603993.SH,洛阳钼业,18.0,2026-06-29
603995.SH,甬金股份,22.44,2026-06-29
603997.SH,继峰股份,11.65,2026-06-29
603998.SH,方盛制药,9.31,2026-06-29
603999.SH,读者传媒,5.08,2026-06-29
605001.SH,威奥股份,5.5,2026-06-29
605003.SH,众望布艺,21.25,2026-06-29
605005.SH,合兴股份,15.51,2026-06-29
605006.SH,山东玻纤,22.45,2026-06-29
605007.SH,五洲特纸,13.38,2026-06-29
605008.SH,长鸿高科,11.27,2026-06-29
605009.SH,豪悦护理,23.18,2026-06-29
605011.SH,杭州热电,15.56,2026-06-29
605016.SH,百龙创园,25.6,2026-06-29
605018.SH,长华集团,13.55,2026-06-29
605028.SH,世茂能源,20.78,2026-06-29
605033.SH,美邦股份,16.83,2026-06-29
605050.SH,福然德,9.39,2026-06-29
605055.SH,迎丰股份,10.33,2026-06-29
605056.SH,咸亨国际,15.44,2026-06-29
605058.SH,澳弘电子,34.46,2026-06-29
605066.SH,天正电气,6.6,2026-06-29
605068.SH,明新旭腾,16.57,2026-06-29
605069.SH,正和生态,15.77,2026-06-29
605077.SH,华康股份,11.04,2026-06-29
605080.SH,浙江自然,19.4,2026-06-29
605086.SH,龙高股份,25.28,2026-06-29
605088.SH,冠盛股份,27.58,2026-06-29
605089.SH,味知香,21.75,2026-06-29
605090.SH,九丰能源,36.13,2026-06-29
605099.SH,共创草坪,32.33,2026-06-29
605108.SH,同庆楼,11.6,2026-06-29
605116.SH,奥锐特,19.58,2026-06-29
605118.SH,力鼎光电,33.0,2026-06-29
605122.SH,四方新材,10.97,2026-06-29
605128.SH,上海沿浦,24.2,2026-06-29
605133.SH,嵘泰股份,35.79,2026-06-29
605136.SH,丽人丽妆,7.12,2026-06-29
605138.SH,盛泰集团,5.65,2026-06-29
605151.SH,西上海,17.99,2026-06-29
605155.SH,西大门,12.1,2026-06-29
605158.SH,华达新材,6.45,2026-06-29
605162.SH,新中港,7.63,2026-06-29
605166.SH,聚合顺,9.47,2026-06-29
605167.SH,利柏特,15.06,2026-06-29
605169.SH,洪通燃气,8.91,2026-06-29
605177.SH,东亚药业,17.2,2026-06-29
605179.SH,一鸣食品,12.88,2026-06-29
605180.SH,华生科技,12.18,2026-06-29
605183.SH,确成股份,15.09,2026-06-29
605186.SH,健麾信息,31.44,2026-06-29
605188.SH,国光连锁,11.77,2026-06-29
605189.SH,富春染织,12.22,2026-06-29
605196.SH,华通线缆,26.34,2026-06-29
605208.SH,永茂泰,14.5,2026-06-29
605218.SH,伟时电子,15.54,2026-06-29
605222.SH,起帆电缆,22.48,2026-06-29
605228.SH,神通科技,12.95,2026-06-29
605258.SH,协和电子,32.52,2026-06-29
605259.SH,绿田机械,17.68,2026-06-29
605266.SH,健之佳,15.12,2026-06-29
605268.SH,王力安防,9.1,2026-06-29
605277.SH,新亚电子,19.32,2026-06-29
605286.SH,同力天启,25.73,2026-06-29
605296.SH,神农集团,28.8,2026-06-29
605299.SH,舒华体育,13.43,2026-06-29
605300.SH,佳禾食品,10.35,2026-06-29
605303.SH,园林股份,24.1,2026-06-29
605305.SH,中际联合,40.0,2026-06-29
605319.SH,无锡振华,22.52,2026-06-29
605333.SH,沪光股份,16.81,2026-06-29
605337.SH,李子园,8.44,2026-06-29
605338.SH,巴比食品,17.76,2026-06-29
605339.SH,南侨食品,12.26,2026-06-29
605365.SH,立达信,13.94,2026-06-29
605366.SH,宏柏新材,13.98,2026-06-29
605368.SH,蓝天燃气,6.18,2026-06-29
605369.SH,拱东医疗,18.32,2026-06-29
605377.SH,华旺科技,9.52,2026-06-29
605378.SH,野马电池,13.85,2026-06-29
605388.SH,均瑶健康,4.94,2026-06-29
605398.SH,新炬网络,19.36,2026-06-29
605399.SH,晨光新材,14.31,2026-06-29
605488.SH,福莱新材,26.45,2026-06-29
605500.SH,森林包装,6.31,2026-06-29
605507.SH,国邦医药,15.57,2026-06-29
605555.SH,德昌股份,11.94,2026-06-29
605566.SH,福莱蒽特,36.07,2026-06-29
605567.SH,春雪食品,8.22,2026-06-29
605577.SH,龙版传媒,8.97,2026-06-29
605580.SH,恒盛能源,27.55,2026-06-29
605598.SH,上海港湾,39.18,2026-06-29
605599.SH,菜百股份,13.93,2026-06-29
