symbol,avg_turnover,avg_intraday_range,avg_abs_ret1,n_days,latest_close,is_st_symbol,passes,liq_rank,stability_rank,range_rank,price_rank,pool_score
605133.SH,504235896.51666665,0.061160798200176184,0.03324629058910809,60,35.23,False,True,0.9917525773195877,0.9690721649484536,0.9876288659793815,0.9484536082474226,0.9779381443298969
600301.SH,538632650.1166667,0.05950400709649203,0.032941746878537695,60,39.25,False,True,0.8969072164948454,0.9567010309278351,0.9711340206185567,0.98659793814433,0.937938144329897
600506.SH,535911466.1333333,0.05635978215992121,0.031005142554448376,60,25.8,False,True,0.911340206185567,0.9154639175257732,0.931958762886598,0.8072164948453608,0.8944329896907216
603757.SH,564900943.4166666,0.0591038311730875,0.028612736823414284,60,36.25,False,True,0.8309278350515464,0.8268041237113402,0.9690721649484536,0.9649484536082474,0.8776288659793814
603360.SH,556412844.2333333,0.057261864810696284,0.02849194687740097,60,31.24,False,True,0.8577319587628865,0.8185567010309278,0.9505154639175257,0.9134020618556701,0.8749484536082475
002940.SZ,632029724.1333333,0.06030337095151743,0.033357580016957794,60,38.73,False,True,0.7216494845360825,0.9711340206185567,0.9814432989690721,0.9835051546391752,0.8628865979381444
603767.SH,550983309.0,0.05155924953756954,0.030217358201492073,60,22.94,False,True,0.8742268041237113,0.8927835051546392,0.8350515463917526,0.7670103092783506,0.8506185567010309
603663.SH,518227913.5833333,0.04569140382533533,0.02519784424542321,60,31.04,False,True,0.954639175257732,0.6783505154639176,0.668041237113402,0.9092783505154639,0.8473195876288661
002846.SZ,539318082.1833333,0.05675543052920988,0.030205616825997414,60,16.49,False,True,0.8948453608247423,0.8907216494845361,0.9422680412371134,0.5938144329896907,0.8409278350515463
600513.SH,532648822.95,0.054198488873837054,0.02795641409588817,60,18.86,False,True,0.9175257731958762,0.8061855670103093,0.8927835051546392,0.6494845360824743,0.837938144329897
600835.SH,516976782.1333333,0.04401552549321362,0.02408630829487707,60,33.0,False,True,0.9608247422680413,0.6164948453608248,0.6164948453608248,0.9257731958762887,0.833298969072165
002792.SZ,508491281.68333334,0.04876869116674161,0.0249780014057765,60,19.65,False,True,0.9814432989690721,0.6597938144329897,0.7731958762886598,0.6639175257731958,0.8223711340206186
002158.SZ,583526614.4833333,0.056292956631140596,0.030405001675391178,60,22.05,False,True,0.7938144329896907,0.8969072164948454,0.9257731958762887,0.734020618556701,0.8222680412371135
600933.SH,503182862.46666664,0.04862568668732106,0.024286982728057904,60,19.48,False,True,0.9958762886597938,0.6268041237113402,0.7690721649484537,0.6597938144329897,0.8208247422680413
002636.SZ,571791044.15,0.056408909717425446,0.034357218055798146,60,14.82,False,True,0.8185567010309278,0.9917525773195877,0.9360824742268041,0.5463917525773195,0.8163917525773197
002164.SZ,505526315.1,0.04880713709433051,0.02615745100475218,60,13.7,False,True,0.9896907216494846,0.7216494845360825,0.7752577319587629,0.5051546391752577,0.8070103092783505
603367.SH,583229099.9333333,0.05488234765757759,0.029747684443263565,60,18.73,False,True,0.797938144329897,0.8701030927835052,0.9030927835051547,0.643298969072165,0.797216494845361
002683.SZ,569103080.35,0.045717389303851684,0.024245942131283185,60,39.75,False,True,0.8268041237113402,0.6206185567010309,0.6721649484536083,0.9958762886597938,0.7961855670103093
600756.SH,556097796.8333334,0.04628374221358057,0.02679115952293676,60,23.2,False,True,0.8597938144329897,0.7505154639175258,0.6927835051546392,0.7711340206185567,0.7951546391752579
603308.SH,685773941.1666666,0.058200913816611945,0.027847277114893272,60,36.77,False,True,0.6474226804123712,0.8,0.9587628865979382,0.9752577319587629,0.7902061855670104
603131.SH,664264558.9666667,0.05438988856097127,0.03155355639822129,60,27.04,False,True,0.6721649484536083,0.9237113402061856,0.8969072164948454,0.8350515463917526,0.7887628865979381
000700.SZ,525237784.53333336,0.051887337800039374,0.029826213944175648,60,9.95,False,True,0.9381443298969072,0.8742268041237113,0.843298969072165,0.3216494845360825,0.7878350515463918
603319.SH,720512919.3833333,0.06020923983657034,0.030517061365710575,60,35.56,False,True,0.5979381443298969,0.9010309278350516,0.979381443298969,0.954639175257732,0.7871134020618558
002278.SZ,514210176.56666666,0.0448607006938915,0.030063701852299413,60,11.2,False,True,0.9731958762886598,0.8845360824742268,0.6371134020618556,0.3711340206185567,0.784639175257732
603618.SH,521664630.3,0.0485361442594183,0.03459548810373667,60,7.92,False,True,0.9402061855670103,0.9958762886597938,0.7670103092783506,0.23505154639175257,0.7843298969072166
600961.SH,519349464.3333333,0.04742702745689549,0.025534001961436226,60,14.57,False,True,0.9505154639175257,0.688659793814433,0.7278350515463917,0.5381443298969072,0.7822680412371135
002895.SZ,516097242.1666667,0.04209020106036464,0.019657142865083806,60,34.6,False,True,0.9649484536082474,0.3731958762886598,0.5525773195876289,0.9422680412371134,0.7802061855670104
000892.SZ,572648452.5833334,0.06303825768772797,0.034787043053356,60,9.75,False,True,0.8164948453608247,0.9979381443298969,0.9958762886597938,0.311340206185567,0.778659793814433
603583.SH,505585537.0,0.03619253337752474,0.021238653749383392,60,35.24,False,True,0.9876288659793815,0.43711340206185567,0.3731958762886598,0.9505154639175257,0.7779381443298969
000962.SZ,720831788.7833333,0.05820755029453602,0.033905202189006035,60,26.83,False,True,0.5958762886597938,0.9855670103092784,0.9608247422680413,0.8268041237113402,0.774742268041237
000506.SZ,558151780.4166666,0.05038831011703553,0.0308952848525489,60,12.07,False,True,0.8556701030927835,0.9134020618556701,0.8123711340206186,0.41649484536082476,0.7728865979381444
001337.SZ,506627137.31666666,0.03671339469897513,0.021799029863466844,60,27.08,False,True,0.9855670103092784,0.47216494845360824,0.3835051546391753,0.8371134020618557,0.7628865979381444
002882.SZ,537618292.2666667,0.043146864116084184,0.021491135643498017,60,29.56,False,True,0.9030927835051547,0.4536082474226804,0.5876288659793815,0.8865979381443299,0.7625773195876289
001298.SZ,697474736.7833333,0.051100446988080014,0.02947609749790059,60,30.4,False,True,0.6288659793814433,0.8597938144329897,0.8247422680412371,0.9010309278350516,0.7588659793814433
601231.SH,585757380.9833333,0.048108310591866925,0.026016674200299534,60,21.67,False,True,0.7896907216494845,0.7134020618556701,0.7546391752577319,0.7216494845360825,0.7555670103092784
603716.SH,602791606.95,0.05141474587536836,0.0261657679448986,60,21.44,False,True,0.7608247422680412,0.7237113402061855,0.8309278350515464,0.7154639175257732,0.7548453608247422
603613.SH,526242689.28333336,0.040054334902425916,0.02122646550806906,60,27.75,False,True,0.934020618556701,0.4350515463917526,0.4845360824742268,0.8639175257731959,0.7527835051546392
603363.SH,521380454.51666665,0.05815811422054364,0.02915295511001139,60,4.88,False,True,0.9422680412371134,0.8494845360824742,0.9567010309278351,0.07628865979381444,0.752680412371134
601061.SH,536562544.6166667,0.045886797462918454,0.0248387385130517,60,14.21,False,True,0.9092783505154639,0.6556701030927835,0.6804123711340206,0.5237113402061856,0.7471134020618556
002733.SZ,664696264.5,0.056161491182410574,0.02932963175476968,60,20.24,False,True,0.668041237113402,0.8556701030927835,0.9216494845360824,0.6824742268041237,0.7464948453608248
002922.SZ,795174727.7,0.06296943607466414,0.032796725025416654,60,27.16,False,True,0.5237113402061856,0.9484536082474226,0.9938144329896907,0.8422680412371134,0.7428865979381444
002396.SZ,554754435.3,0.041130465520378884,0.022822455073005135,60,26.47,False,True,0.8618556701030928,0.5567010309278351,0.5175257731958763,0.8164948453608247,0.7401030927835053
002474.SZ,634964695.1333333,0.05344470336226127,0.03316512093617567,60,12.34,False,True,0.7195876288659794,0.9649484536082474,0.8783505154639175,0.4350515463917526,0.7355670103092784
002734.SZ,501718464.73333335,0.041689368323969564,0.02103780793421019,60,16.38,False,True,0.9979381443298969,0.4247422680412371,0.5422680412371134,0.5917525773195876,0.7337113402061857
002052.SZ,628433206.85,0.0579497916362018,0.02891076277211619,60,12.82,False,True,0.7319587628865979,0.8391752577319588,0.954639175257732,0.4618556701030928,0.7327835051546392
000753.SZ,600594915.9166666,0.061101590355403586,0.032982882521049674,60,8.0,False,True,0.7649484536082474,0.9587628865979382,0.9855670103092784,0.24123711340206186,0.7320618556701031
002915.SZ,720494023.4833333,0.05171283199044596,0.03050870591745834,60,22.52,False,True,0.6,0.8989690721649485,0.8412371134020619,0.7546391752577319,0.7269072164948454
002006.SZ,570350607.4333333,0.04563305149124616,0.023787462937656254,60,19.93,False,True,0.822680412371134,0.6041237113402061,0.6639175257731958,0.6721649484536083,0.7250515463917526
601865.SH,520563232.3666667,0.04168799463959511,0.022176887381484173,60,15.98,False,True,0.9443298969072165,0.511340206185567,0.5402061855670103,0.5783505154639176,0.7239175257731958
600426.SH,517363105.56666666,0.037445248029441006,0.017923406548365335,60,27.11,False,True,0.9587628865979382,0.30927835051546393,0.4061855670103093,0.8391752577319588,0.7220618556701032
002422.SZ,536746143.28333336,0.03678610535591055,0.018658268125816547,60,34.59,False,True,0.9072164948453608,0.32783505154639175,0.38556701030927837,0.9402061855670103,0.7196907216494846
002083.SZ,569972339.5,0.04345446672884331,0.0334319910126822,60,9.76,False,True,0.8247422680412371,0.9731958762886598,0.5979381443298969,0.3134020618556701,0.7181443298969072
002256.SZ,561441028.4833333,0.05381906576228479,0.034979563558804855,60,3.42,False,True,0.843298969072165,1.0,0.8886597938144329,0.026804123711340205,0.7181443298969072
000830.SZ,518031887.9166667,0.04335997597910722,0.021544821569368988,60,14.23,False,True,0.9567010309278351,0.4556701030927835,0.5917525773195876,0.5257731958762887,0.7155670103092784
600651.SH,593858275.4,0.05509983972875603,0.02996397531342958,60,8.18,False,True,0.7814432989690722,0.8824742268041237,0.911340206185567,0.24742268041237114,0.7143298969072165
600459.SH,534822147.43333334,0.04220087953315383,0.0219287260878212,60,16.92,False,True,0.9154639175257732,0.4824742268041237,0.554639175257732,0.6061855670103092,0.7128865979381444
002062.SZ,595166406.4,0.06461916315262146,0.026587901191233776,60,9.7,False,True,0.777319587628866,0.7422680412371134,1.0,0.30515463917525776,0.709278350515464
002706.SZ,581844396.9333333,0.049375582269540266,0.029144338295416083,60,9.66,False,True,0.8020618556701031,0.845360824742268,0.7896907216494845,0.3030927835051546,0.7090721649484536
002965.SZ,558643544.85,0.038568663011840816,0.01801803641602711,60,36.88,False,True,0.8515463917525773,0.3154639175257732,0.44742268041237115,0.977319587628866,0.7088659793814432
603118.SH,573658730.1090909,0.04962235836793268,0.026322234470006495,55,11.28,False,True,0.8144329896907216,0.7298969072164948,0.8,0.3752577319587629,0.7075257731958764
600066.SH,514220854.71666664,0.033167105831421066,0.014954417234798616,60,31.06,False,True,0.9711340206185567,0.22268041237113403,0.2865979381443299,0.911340206185567,0.7068041237113402
603185.SH,923018923.3833333,0.0575929019210116,0.033120334882481235,60,29.67,False,True,0.4288659793814433,0.9628865979381444,0.9525773195876288,0.8907216494845361,0.7065979381443299
603936.SH,599608525.95,0.05110406550149849,0.028039529987934873,60,10.57,False,True,0.7670103092783506,0.8103092783505155,0.8268041237113402,0.3525773195876289,0.7017525773195876
601908.SH,503445111.23333335,0.04736829823342266,0.0254675198674565,60,3.69,False,True,0.9938144329896907,0.6845360824742268,0.7257731958762886,0.03711340206185567,0.7004123711340207
002544.SZ,631104613.5333333,0.04757458410597382,0.022024018751628634,60,25.74,False,True,0.7257731958762886,0.4948453608247423,0.7422680412371134,0.8041237113402062,0.6977319587628866
603688.SH,640192149.1,0.04101860623308008,0.02260234689503356,60,36.17,False,True,0.711340206185567,0.5402061855670103,0.511340206185567,0.9628865979381444,0.6974226804123712
002645.SZ,562205652.3666667,0.04595459937803426,0.022768287724974516,60,14.41,False,True,0.8391752577319588,0.554639175257732,0.6824742268041237,0.5298969072164949,0.6969072164948454
603906.SH,740068028.0333333,0.05359584562272035,0.028542736446847003,60,19.87,False,True,0.5752577319587628,0.822680412371134,0.8845360824742268,0.668041237113402,0.6896907216494845
601218.SH,610070940.7666667,0.05501521037085076,0.034130963875868225,60,4.91,False,True,0.7505154639175258,0.9896907216494846,0.9092783505154639,0.08041237113402062,0.6881443298969072
605589.SH,565553659.5666667,0.03743749988814671,0.021487987474837288,60,26.36,False,True,0.8288659793814434,0.44948453608247424,0.4041237113402062,0.8144329896907216,0.6863917525773195
600268.SH,619643178.75,0.049122755897279664,0.028791432866400134,60,10.27,False,True,0.7381443298969073,0.8371134020618557,0.7835051546391752,0.334020618556701,0.683917525773196
002182.SZ,510257211.46666664,0.03797829924697946,0.020943462679128205,60,13.12,False,True,0.979381443298969,0.41649484536082476,0.4268041237113402,0.47835051546391755,0.6837113402061856
000880.SZ,653725835.7833333,0.04415456792381511,0.02315806759602207,60,26.62,False,True,0.688659793814433,0.5752577319587628,0.6206185567010309,0.8237113402061855,0.6827835051546393
000070.SZ,671275869.0666667,0.04816179096468861,0.029178951205445596,60,13.92,False,True,0.6577319587628866,0.8515463917525773,0.756701030927835,0.5144329896907216,0.6826804123711341
002728.SZ,601008985.15,0.04654908238419004,0.025112931869949333,60,13.61,False,True,0.7628865979381443,0.6701030927835051,0.7030927835051546,0.4948453608247423,0.6817525773195876
603876.SH,649156656.3166667,0.05260859761539835,0.026134947854306218,60,13.26,False,True,0.6948453608247422,0.7195876288659794,0.8536082474226804,0.4845360824742268,0.6815463917525774
600869.SH,570975823.6666666,0.050065953613079334,0.027297543919178477,60,6.81,False,True,0.8206185567010309,0.7711340206185567,0.8103092783505155,0.1731958762886598,0.6796907216494846
601011.SH,616926518.5166667,0.054954723218299854,0.034582353354670435,60,3.59,False,True,0.7443298969072165,0.9938144329896907,0.9072164948453608,0.03505154639175258,0.6768041237113402
600641.SH,646726808.1333333,0.04754204050600022,0.024597446712507083,60,16.87,False,True,0.7010309278350515,0.6453608247422681,0.7402061855670103,0.6020618556701031,0.6759793814432989
601567.SH,618587103.4,0.03906155135250947,0.023640116826886555,60,22.81,False,True,0.7422680412371134,0.6020618556701031,0.4618556701030928,0.7608247422680412,0.6758762886597939
002418.SZ,595692437.85,0.05293938462213246,0.031068827220156116,60,4.71,False,True,0.7752577319587629,0.9175257731958762,0.8639175257731959,0.06597938144329897,0.6751546391752578
002265.SZ,677401391.3,0.04307262083344717,0.02437001844761769,60,26.93,False,True,0.6515463917525773,0.6350515463917525,0.5835051546391753,0.8329896907216495,0.6743298969072165
600114.SH,718189274.7666667,0.04651796223286979,0.024568554238591788,60,27.16,False,True,0.6041237113402061,0.643298969072165,0.7010309278350515,0.8422680412371134,0.6741237113402062
000032.SZ,580816149.4666667,0.0406839509939393,0.02213140281731875,60,19.92,False,True,0.8082474226804124,0.5051546391752577,0.49896907216494846,0.6701030927835051,0.6736082474226803
600481.SH,530699809.78333336,0.04752643494064012,0.0236244997036183,60,5.8,False,True,0.9237113402061856,0.5979381443298969,0.7381443298969073,0.1309278350515464,0.6721649484536083
002735.SZ,615834452.35,0.04565914265536494,0.02455248790479905,60,14.62,False,True,0.7463917525773196,0.6412371134020619,0.6659793814432989,0.5402061855670103,0.6720618556701031
603612.SH,807535325.3166667,0.04971177693224569,0.028330116083655855,60,23.82,False,True,0.5175257731958763,0.8123711340206186,0.8041237113402062,0.777319587628866,0.6714432989690722
603127.SH,997642196.5833334,0.053901262081629556,0.03171660673483618,60,28.31,False,True,0.3917525773195876,0.9298969072164949,0.8907216494845361,0.8721649484536083,0.6703092783505155
000818.SZ,500215173.46666664,0.029195190854859047,0.016348426600998625,60,20.19,False,True,1.0,0.2536082474226804,0.22268041237113403,0.6783505154639176,0.6697938144329897
002562.SZ,558484584.1,0.04408724073870211,0.02777349591863988,60,6.57,False,True,0.8536082474226804,0.7958762886597938,0.6185567010309279,0.16288659793814433,0.668659793814433
000777.SZ,538631660.4,0.035206195784016396,0.020159249779008938,60,20.21,False,True,0.8989690721649485,0.38969072164948454,0.3319587628865979,0.6804123711340206,0.6683505154639175
603809.SH,581210253.3,0.04265296565630457,0.02462328355646138,60,12.16,False,True,0.8061855670103093,0.6494845360824743,0.5690721649484536,0.42783505154639173,0.6636082474226804
002279.SZ,564305745.5333333,0.044367308579309477,0.02512573401970109,60,9.5,False,True,0.8371134020618557,0.6721649484536083,0.6247422680412371,0.29381443298969073,0.6636082474226804
601958.SH,537692000.4833333,0.03637664849358185,0.022117682668676288,60,13.69,False,True,0.9010309278350516,0.5030927835051546,0.37731958762886597,0.5030927835051546,0.663298969072165
002642.SZ,513914112.7,0.03852782729299613,0.02194301099692633,60,9.49,False,True,0.9752577319587629,0.488659793814433,0.44536082474226807,0.28969072164948456,0.6613402061855671
002045.SZ,526087819.46666664,0.03584801999904249,0.019893268135978914,60,14.54,False,True,0.9360824742268041,0.37938144329896906,0.36082474226804123,0.5360824742268041,0.6584536082474228
002987.SZ,507419846.3666667,0.031380434479287705,0.015609999367176924,60,19.35,False,True,0.9835051546391752,0.23711340206185566,0.24536082474226803,0.6577319587628866,0.6583505154639175
002196.SZ,846938203.7333333,0.056314270491341065,0.03292396826990758,60,14.19,False,True,0.4948453608247423,0.954639175257732,0.9278350515463918,0.5216494845360825,0.6571134020618558
600331.SH,559207911.6,0.04499282419480774,0.022464056995636677,60,10.84,False,True,0.8494845360824742,0.534020618556701,0.6391752577319587,0.35876288659793815,0.656701030927835
600592.SH,861045454.45,0.049669883429682836,0.027587390741324443,60,25.8,False,True,0.4824742268041237,0.7855670103092783,0.8020618556701031,0.8072164948453608,0.655979381443299
000612.SZ,528638476.65,0.04166811241943242,0.021960378234162668,60,9.46,False,True,0.9298969072164949,0.49072164948453606,0.5381443298969072,0.2865979381443299,0.6546391752577321
601619.SH,561838595.9166666,0.047674040020210244,0.026770334372750063,60,4.26,False,True,0.8412371134020619,0.7484536082474227,0.7484536082474227,0.0577319587628866,0.6520618556701031
600595.SH,637687281.0,0.056962801362367914,0.027328934494516566,60,6.68,False,True,0.7154639175257732,0.7731958762886598,0.9463917525773196,0.1670103092783505,0.6519587628865979
002108.SZ,544532241.2166667,0.04584453820339209,0.02576024166667073,60,4.6,False,True,0.8845360824742268,0.6989690721649484,0.6742268041237114,0.061855670103092786,0.651340206185567
002741.SZ,740055754.5333333,0.05043741957801177,0.024287579955471435,60,21.38,False,True,0.5773195876288659,0.6288659793814433,0.8144329896907216,0.7123711340206186,0.6502061855670103
600685.SH,598479804.1,0.03325634003483168,0.02045381032042002,60,29.89,False,True,0.7690721649484537,0.4020618556701031,0.28865979381443296,0.8948453608247423,0.6487628865979382
603456.SH,673529957.2166667,0.043930821275170194,0.025008945162449062,60,18.83,False,True,0.6556701030927835,0.6618556701030928,0.6103092783505155,0.6474226804123712,0.6484536082474227
600602.SH,514876518.3,0.030216674658157798,0.015542600995191747,60,18.98,False,True,0.9690721649484536,0.23505154639175257,0.2268041237113402,0.6536082474226804,0.6478350515463919
605358.SH,890605100.0666667,0.04748569994944978,0.027754320964970037,60,29.14,False,True,0.44742268041237115,0.7917525773195876,0.734020618556701,0.8824742268041237,0.6462886597938144
000006.SZ,763062550.0166667,0.05701948715681699,0.03052273445439369,60,10.86,False,True,0.5525773195876289,0.9030927835051547,0.9484536082474226,0.3618556701030928,0.6439175257731959
002125.SZ,714755746.2833333,0.052197411551575826,0.025818211197912846,60,13.68,False,True,0.6061855670103092,0.7010309278350515,0.8494845360824742,0.5,0.6404123711340206
002237.SZ,560419624.4333333,0.03753840102263952,0.022255675575866232,60,12.72,False,True,0.8474226804123711,0.5154639175257731,0.4144329896907217,0.45463917525773195,0.6375257731958763
002046.SZ,860663345.5166667,0.05276159861544939,0.022411638861902585,60,31.45,False,True,0.4845360824742268,0.5298969072164949,0.8556701030927835,0.9154639175257732,0.6354639175257732
600478.SH,542634696.4166666,0.04456949902912408,0.022288956205799758,60,6.73,False,True,0.8907216494845361,0.5195876288659794,0.6288659793814433,0.1711340206185567,0.633298969072165
002126.SZ,1023131258.2666667,0.04956755106747252,0.027208734804181605,60,34.5,False,True,0.3752577319587629,0.7670103092783506,0.797938144329897,0.9381443298969072,0.6295876288659794
600446.SH,519949272.6333333,0.03479295645359625,0.014901746712316739,60,15.34,False,True,0.9484536082474226,0.21649484536082475,0.31958762886597936,0.5567010309278351,0.6293814432989691
002389.SZ,548221600.5833334,0.030746838041324737,0.016424144679998857,60,22.14,False,True,0.8762886597938144,0.2556701030927835,0.23711340206185566,0.7381443298969073,0.6286597938144329
000960.SZ,978419954.8333334,0.04819084127349082,0.030263382641030134,60,22.97,False,True,0.4020618556701031,0.8948453608247423,0.7587628865979381,0.7690721649484537,0.6275257731958764
000973.SZ,876696150.1333333,0.05423585845675719,0.032806597424092906,60,12.6,False,True,0.465979381443299,0.9505154639175257,0.8948453608247423,0.4422680412371134,0.6224742268041237
002080.SZ,1461272249.7833333,0.058501711425977584,0.03351809286422512,60,33.21,False,True,0.21237113402061855,0.977319587628866,0.9649484536082474,0.9278350515463918,0.621340206185567
600416.SH,638946156.45,0.042290487378283004,0.02350367543757704,60,13.43,False,True,0.7134020618556701,0.5876288659793815,0.5628865979381443,0.488659793814433,0.620721649484536
600353.SH,774765820.0333333,0.04885905826825969,0.02696941666932458,60,14.49,False,True,0.5463917525773195,0.756701030927835,0.777319587628866,0.534020618556701,0.6206185567010309
002170.SZ,554724236.4,0.038448374050478136,0.021127429756079546,60,11.66,False,True,0.8639175257731959,0.4288659793814433,0.44123711340206184,0.3917525773195876,0.6190721649484536
000833.SZ,1043815976.0833334,0.056777833856285084,0.030718182324703698,60,19.7,False,True,0.35670103092783506,0.911340206185567,0.9443298969072165,0.6659793814432989,0.6176288659793815
002269.SZ,646122555.35,0.05542443626856282,0.028017266913423596,60,2.11,False,True,0.7051546391752578,0.8082474226804124,0.9134020618556701,0.004123711340206186,0.6168041237113402
002181.SZ,775047963.4,0.05557892900441858,0.030074317144244318,60,9.26,False,True,0.5443298969072164,0.8865979381443299,0.9154639175257732,0.27835051546391754,0.6152577319587629
000762.SZ,811974541.1666666,0.04664338598765399,0.023060579278538072,60,26.88,False,True,0.5092783505154639,0.5690721649484536,0.7072164948453609,0.8288659793814434,0.6148453608247423
002163.SZ,888615807.05,0.05627692162294778,0.0292085061687319,60,13.72,False,True,0.44948453608247424,0.8536082474226804,0.9237113402061856,0.5092783505154639,0.6134020618556701
000766.SZ,646502172.4,0.038412894435961804,0.017574968039307214,60,27.54,False,True,0.7030927835051546,0.2927835051546392,0.43917525773195876,0.8577319587628865,0.6123711340206186
002370.SZ,747321185.0909091,0.051945865792857385,0.03224537515379898,55,7.62,False,True,0.5670103092783505,0.934020618556701,0.8474226804123711,0.21649484536082475,0.6123711340206185
002048.SZ,1199196866.3,0.05286709839700281,0.03009974193126334,60,27.83,False,True,0.2907216494845361,0.8886597938144329,0.8597938144329897,0.8680412371134021,0.6111340206185567
002553.SZ,711011636.6833333,0.04039033678769278,0.021649784355948574,60,27.18,False,True,0.6144329896907217,0.45979381443298967,0.488659793814433,0.845360824742268,0.6108247422680413
002484.SZ,1206541488.65,0.052207003770676684,0.03227433848100213,60,26.89,False,True,0.2865979381443299,0.9360824742268041,0.8515463917525773,0.8309278350515464,0.6101030927835052
002174.SZ,614011925.6666666,0.04102745666587352,0.023220386708327562,60,11.76,False,True,0.7484536082474227,0.5835051546391753,0.51340206185567,0.3979381443298969,0.6101030927835052
601020.SH,1447812604.8166666,0.058462663182301235,0.03230104980628576,60,30.61,False,True,0.21443298969072164,0.9402061855670103,0.9628865979381444,0.9051546391752577,0.61
601677.SH,516528693.4166667,0.028684034344981887,0.014613804652621994,60,13.92,False,True,0.9628865979381444,0.20618556701030927,0.20824742268041238,0.5144329896907216,0.608659793814433
002077.SZ,877608098.7666667,0.05573936383656448,0.026728368462217468,60,15.63,False,True,0.4618556701030928,0.7463917525773196,0.9195876288659793,0.5670103092783505,0.6084536082474228
603920.SH,1417569737.8166666,0.05194287996122236,0.031218177843167327,60,39.47,False,True,0.21855670103092784,0.9216494845360824,0.845360824742268,0.9938144329896907,0.6082474226804124
002815.SZ,659541944.2833333,0.04310934322898194,0.023190658241387573,60,12.98,False,True,0.6824742268041237,0.5814432989690722,0.5855670103092784,0.47216494845360824,0.6056701030927835
600986.SH,531532022.95,0.03739418949530283,0.01806885274159515,60,9.99,False,True,0.9216494845360824,0.31752577319587627,0.4020618556701031,0.32577319587628867,0.6037113402061856
002138.SZ,1116683679.6833334,0.04695151623175944,0.027407106792630257,60,35.35,False,True,0.32989690721649484,0.7752577319587629,0.7175257731958763,0.9525773195876288,0.6016494845360825
600141.SH,783920483.6333333,0.0461519551622942,0.019921081994311213,60,30.51,False,True,0.5360824742268041,0.38144329896907214,0.6865979381443299,0.9030927835051547,0.6011340206185567
002121.SZ,784610793.2,0.05361044304620819,0.03071067933089494,60,7.64,False,True,0.534020618556701,0.9092783505154639,0.8865979381443299,0.21855670103092784,0.5988659793814434
601137.SH,652818855.7333333,0.04064361968127562,0.019426768830102567,60,20.91,False,True,0.6907216494845361,0.3628865979381443,0.49690721649484537,0.7030927835051546,0.5985567010309278
002263.SZ,552858865.4666667,0.04291985033387397,0.02310105553210917,60,3.4,False,True,0.8680412371134021,0.5711340206185567,0.5793814432989691,0.024742268041237112,0.5967010309278351
601126.SH,1114179650.6333334,0.05342217942715403,0.02716353517107724,60,26.2,False,True,0.3319587628865979,0.7649484536082474,0.8762886597938144,0.8123711340206186,0.5962886597938144
000422.SZ,695459706.1333333,0.046079297847499326,0.022176863265254265,60,14.48,False,True,0.6309278350515464,0.5092783505154639,0.6845360824742268,0.5319587628865979,0.5948453608247423
000155.SZ,545733068.6833333,0.033086050815747586,0.019048840878075998,60,12.12,False,True,0.8824742268041237,0.34845360824742266,0.2845360824742268,0.42061855670103093,0.5936082474226805
601890.SH,542400660.0666667,0.03520453245042955,0.019632923189280137,60,10.34,False,True,0.8927835051546392,0.3711340206185567,0.32989690721649484,0.3371134020618557,0.5928865979381444
002190.SZ,1176707679.4666667,0.04637309941595977,0.026966452178281957,60,39.43,False,True,0.30515463917525776,0.7546391752577319,0.6989690721649484,0.9917525773195877,0.5914432989690722
002603.SZ,593471136.35,0.03390435971802772,0.01776134028939036,60,19.17,False,True,0.7835051546391752,0.3030927835051546,0.30103092783505153,0.6556701030927835,0.5894845360824743
002536.SZ,881009368.65,0.04588352444143948,0.02558869933405263,60,21.31,False,True,0.45979381443298967,0.6927835051546392,0.6783505154639176,0.7072164948453609,0.588659793814433
002471.SZ,518342433.7,0.037035706357762134,0.021254521195053232,60,4.13,False,True,0.9525773195876288,0.44123711340206184,0.3958762886597938,0.05154639175257732,0.5865979381443299
002532.SZ,701103194.6666666,0.045530274995836575,0.023287623497619703,60,12.63,False,True,0.6247422680412371,0.5855670103092784,0.6597938144329897,0.4463917525773196,0.5864948453608247
001287.SZ,1003499712.65,0.04746559045704033,0.027606817289905876,60,21.89,False,True,0.38556701030927837,0.7876288659793814,0.7298969072164948,0.7278350515463917,0.5860824742268042
000758.SZ,520152190.05,0.03641560924444855,0.019542921616953715,60,5.92,False,True,0.9463917525773196,0.3670103092783505,0.37938144329896906,0.1360824742268041,0.5834020618556701
002320.SZ,1066383184.3,0.06234715698089228,0.032916179605067285,60,12.6,False,True,0.3443298969072165,0.9525773195876288,0.9917525773195877,0.4422680412371134,0.582680412371134
000636.SZ,713582308.7333333,0.03969201328149332,0.023959308933082204,60,15.82,False,True,0.6082474226804123,0.6103092783505155,0.47835051546391755,0.5711340206185567,0.5817525773195876
000062.SZ,630920241.0666667,0.03209274157138861,0.01692903369104924,60,25.53,False,True,0.7278350515463917,0.26597938144329897,0.2639175257731959,0.8020618556701031,0.5807216494845361
000970.SZ,544156299.9666667,0.031349110022681835,0.017203591535924455,60,12.54,False,True,0.8865979381443299,0.2804123711340206,0.24329896907216494,0.43917525773195876,0.579381443298969
601778.SH,515605315.35,0.03901959942193203,0.01925455214432296,60,3.34,False,True,0.9670103092783505,0.354639175257732,0.4577319587628866,0.02268041237113402,0.579278350515464
002378.SZ,935873803.6666666,0.05566488207684599,0.028345760734637133,60,12.44,False,True,0.422680412371134,0.8144329896907216,0.9175257731958762,0.43711340206185567,0.5781443298969071
603690.SH,1155687787.85,0.043894395940632554,0.02872883605109216,60,28.39,False,True,0.31752577319587627,0.8350515463917526,0.6082474226804123,0.8742268041237113,0.575979381443299
600732.SH,844380860.6833333,0.04902517467077186,0.02513759317139623,60,13.25,False,True,0.5010309278350515,0.6742268041237114,0.7814432989690722,0.4824742268041237,0.5740206185567011
002139.SZ,537101196.6666666,0.027108788328142553,0.015003286266729749,60,12.88,False,True,0.9051546391752577,0.2268041237113402,0.18762886597938144,0.465979381443299,0.5740206185567011
002272.SZ,873031531.2666667,0.04636111026726732,0.02726841120818199,60,14.04,False,True,0.46804123711340206,0.7690721649484537,0.6969072164948453,0.5195876288659794,0.5728865979381443
002765.SZ,670456780.45,0.042258683199655575,0.02263455519593534,60,12.1,False,True,0.6597938144329897,0.5422680412371134,0.5587628865979382,0.41855670103092785,0.5728865979381443
002428.SZ,1333180240.75,0.05098245740107544,0.03061648819117764,60,25.03,False,True,0.24329896907216494,0.9051546391752577,0.8206185567010309,0.7958762886597938,0.5727835051546392
603305.SH,713228167.1,0.04428291424347279,0.02283919507140008,60,12.87,False,True,0.6103092783505155,0.5587628865979382,0.622680412371134,0.4639175257731959,0.5725773195876289
002165.SZ,546464674.7,0.03768250599716735,0.01868506508762833,60,7.93,False,True,0.8804123711340206,0.32989690721649484,0.41855670103092785,0.23711340206185566,0.5723711340206186
600203.SH,780708465.4,0.045003216349147585,0.02572454647378598,60,12.93,False,True,0.5402061855670103,0.6969072164948453,0.6412371134020619,0.46804123711340206,0.5722680412371134
002255.SZ,903916175.15,0.04305805081151719,0.033932803252269994,60,12.78,False,True,0.4350515463917526,0.9876288659793815,0.5814432989690722,0.4577319587628866,0.5720618556701031
601777.SH,667555693.8,0.046340613261306444,0.021963291977319353,60,10.5,False,True,0.6659793814432989,0.4927835051546392,0.6948453608247422,0.3463917525773196,0.5717525773195876
600885.SH,783261697.8166667,0.03905214868752718,0.02097616622532146,60,28.76,False,True,0.5381443298969072,0.42061855670103093,0.45979381443298967,0.8804123711340206,0.571340206185567
600312.SH,584187415.25,0.03256236882181783,0.017107362901925494,60,16.25,False,True,0.7917525773195876,0.27422680412371137,0.27422680412371137,0.5855670103092784,0.5693814432989691
600490.SH,765351723.45,0.05146527339426552,0.02685745544812228,60,7.32,False,True,0.5505154639175258,0.7525773195876289,0.8329896907216495,0.2020618556701031,0.5636082474226805
002317.SZ,1306488354.6,0.053526239211479316,0.02763347231473039,60,25.51,False,True,0.2515463917525773,0.7896907216494845,0.8824742268041237,0.8,0.5635051546391753
002183.SZ,528812075.03333336,0.035270389883595335,0.020738517068556443,60,4.82,False,True,0.9278350515463918,0.4061855670103093,0.33608247422680415,0.07010309278350516,0.5631958762886597
600619.SH,1579385036.7833333,0.05981034414539385,0.03261195510943133,60,22.78,False,True,0.16907216494845362,0.9422680412371134,0.9752577319587629,0.7587628865979381,0.5625773195876289
000901.SZ,1037787667.3333334,0.049805939777075266,0.026999916371228377,60,18.19,False,True,0.35876288659793815,0.7587628865979381,0.8061855670103093,0.6309278350515464,0.5603092783505155
603169.SH,759549223.6166667,0.04538770208428209,0.026432191526210236,60,9.88,False,True,0.554639175257732,0.7360824742268042,0.6556701030927835,0.3154639175257732,0.5582474226804124
603881.SH,2171910740.1666665,0.0565135125980765,0.03161951574322526,60,36.31,False,True,0.08453608247422681,0.9257731958762887,0.9381443298969072,0.9670103092783505,0.557319587628866
000558.SZ,759151700.7333333,0.04938532527310185,0.027882817692602486,60,5.8,False,True,0.5567010309278351,0.8020618556701031,0.7917525773195876,0.1309278350515464,0.5558762886597938
002517.SZ,1177095813.9166667,0.0512890837292383,0.02634652091836753,60,22.18,False,True,0.3030927835051546,0.7319587628865979,0.8288659793814434,0.7412371134020619,0.555360824742268
600435.SH,579003736.1166667,0.030506624382153704,0.017062834512478788,60,13.68,False,True,0.8103092783505155,0.27010309278350514,0.2329896907216495,0.5,0.5536082474226804
002173.SZ,1510233037.1666667,0.058628491226348826,0.02979016017702309,60,21.46,False,True,0.2,0.8721649484536083,0.9670103092783505,0.7175257731958763,0.5529896907216495
000676.SZ,591373539.45,0.03721455988200937,0.02029499116735165,60,9.51,False,True,0.7855670103092783,0.3979381443298969,0.3979381443298969,0.29690721649484536,0.5521649484536082
002657.SZ,906398884.6666666,0.04249168680782689,0.022139243249426687,60,27.26,False,True,0.4329896907216495,0.5072164948453608,0.5670103092783505,0.8474226804123711,0.5508247422680412
600509.SH,669806176.3,0.046948009873805284,0.021747657513554713,60,8.61,False,True,0.6618556701030928,0.47010309278350515,0.7154639175257732,0.2556701030927835,0.5503092783505154
000426.SZ,1987527947.9666667,0.053368854406515134,0.03269752352568874,60,31.89,False,True,0.10309278350515463,0.9443298969072165,0.8742268041237113,0.9175257731958762,0.5498969072164949
603288.SH,597226604.6333333,0.015793566405561493,0.0068081591613610324,60,36.53,False,True,0.7731958762886598,0.020618556701030927,0.026804123711340205,0.9690721649484536,0.5498969072164949
002497.SZ,1165974120.4666667,0.048308114981294566,0.026702421100062868,60,21.49,False,True,0.3154639175257732,0.7443298969072165,0.7628865979381443,0.7195876288659794,0.5491752577319587
002747.SZ,735254697.2166667,0.03892057493465174,0.019164802904231438,60,21.93,False,True,0.5855670103092784,0.3525773195876289,0.4556701030927835,0.7298969072164948,0.5483505154639176
000555.SZ,1247060308.25,0.05306046492443759,0.02957580016171589,60,17.54,False,True,0.27010309278350514,0.8639175257731959,0.8701030927835052,0.6144329896907217,0.5477319587628866
600172.SH,963917729.0666667,0.056355725001413184,0.033106113798329534,60,6.45,False,True,0.40824742268041236,0.9608247422680413,0.9298969072164949,0.15670103092783505,0.5467010309278351
002167.SZ,771918031.5166667,0.04553235297824956,0.02356989097882584,60,12.04,False,True,0.5484536082474227,0.5917525773195876,0.6618556701030928,0.41030927835051545,0.5464948453608247
002583.SZ,547031946.9166666,0.028183560830831178,0.014157892043610353,60,11.8,False,True,0.8783505154639175,0.1958762886597938,0.1979381443298969,0.40309278350515465,0.5447422680412372
605111.SH,960114702.7833333,0.03954732321380686,0.02204348148044312,60,34.47,False,True,0.41237113402061853,0.49690721649484537,0.4742268041237113,0.9360824742268041,0.543298969072165
000875.SZ,532064128.76666665,0.03398170598225496,0.017634049880852837,60,5.58,False,True,0.9195876288659793,0.29896907216494845,0.3030927835051546,0.1154639175257732,0.5421649484536083
603063.SH,996755890.35,0.044500601108137326,0.021660305007712887,60,29.81,False,True,0.3938144329896907,0.4618556701030928,0.6268041237113402,0.8927835051546392,0.5421649484536082
002250.SZ,814431516.35,0.045158606371199,0.02507449531549499,60,12.05,False,True,0.5072164948453608,0.668041237113402,0.6474226804123712,0.4144329896907217,0.5418556701030928
601699.SH,664307666.0,0.03952604890510493,0.01925801065380491,60,13.01,False,True,0.6701030927835051,0.35670103092783506,0.47216494845360824,0.4762886597938144,0.5389690721649485
600737.SH,847028137.2,0.04731986843996648,0.021148238590832816,60,17.1,False,True,0.4927835051546392,0.4309278350515464,0.7216494845360825,0.6082474226804123,0.5378350515463918
002410.SZ,564710567.7833333,0.028541485663466863,0.014451417974322074,60,12.72,False,True,0.8350515463917526,0.2020618556701031,0.20412371134020618,0.45463917525773195,0.5377319587628866
002017.SZ,1058996198.1166667,0.04470845631773478,0.025940451875902843,60,21.37,False,True,0.35051546391752575,0.709278350515464,0.6309278350515464,0.709278350515464,0.5360824742268042
002941.SZ,1033431420.5833334,0.04874355323203055,0.025333740208796286,60,16.61,False,True,0.3649484536082474,0.6804123711340206,0.7711340206185567,0.5958762886597938,0.5351546391752577
601717.SH,732738840.4166666,0.03370514477480815,0.019745435335102732,60,22.69,False,True,0.5876288659793815,0.37731958762886597,0.2927835051546392,0.756701030927835,0.5351546391752577
002229.SZ,690279842.9666667,0.03523661828164375,0.02091304442403229,60,15.58,False,True,0.6371134020618556,0.4144329896907217,0.334020618556701,0.5649484536082474,0.5326804123711341
600673.SH,1670862472.5166667,0.05954129713468449,0.02914820107424856,60,22.23,False,True,0.15051546391752577,0.8474226804123711,0.9731958762886598,0.7463917525773196,0.5324742268041237
000975.SZ,787603961.5166667,0.03533999333176798,0.022318578270637966,60,20.67,False,True,0.5298969072164949,0.5216494845360825,0.3402061855670103,0.6907216494845361,0.5319587628865979
600556.SH,896730264.95,0.05279213054486416,0.028919443105349343,60,6.87,False,True,0.44123711340206184,0.8412371134020619,0.8577319587628865,0.18041237113402062,0.5315463917525773
000657.SZ,1930401802.1166666,0.054910238077723564,0.033605585518528734,60,22.03,False,True,0.1154639175257732,0.9814432989690721,0.9051546391752577,0.7319587628865979,0.5304123711340206
002145.SZ,648922018.6333333,0.04520630732532164,0.0223343017093403,60,4.86,False,True,0.6969072164948453,0.5237113402061856,0.6494845360824743,0.07216494845360824,0.5302061855670103
000686.SZ,564749800.95,0.03226158627223819,0.01761662496632162,60,9.03,False,True,0.8329896907216495,0.29690721649484536,0.27010309278350514,0.27010309278350514,0.5287628865979381
601878.SH,511365552.93333334,0.016901201729698372,0.008692356097335624,60,10.86,False,True,0.977319587628866,0.04742268041237113,0.03917525773195876,0.3618556701030928,0.5275257731958763
002044.SZ,543237221.9666667,0.03575371292396927,0.01623204707542989,60,5.37,False,True,0.8886597938144329,0.24948453608247423,0.35876288659793815,0.10412371134020619,0.5244329896907216
000837.SZ,703321219.05,0.03827141096870713,0.021684114398685984,60,12.13,False,True,0.6206185567010309,0.46804123711340206,0.43711340206185567,0.422680412371134,0.5229896907216496
603659.SH,1819105545.2166667,0.05640767572973906,0.027932671597301846,60,25.94,False,True,0.12989690721649486,0.8041237113402062,0.934020618556701,0.8103092783505155,0.5214432989690723
000980.SZ,998408051.4333333,0.06435699102445,0.032708461605004686,60,3.5,False,True,0.38969072164948454,0.9463917525773196,0.9979381443298969,0.030927835051546393,0.5205154639175258
600109.SH,526699425.95,0.021713368020155246,0.011791526529000668,60,9.14,False,True,0.931958762886598,0.1402061855670103,0.10927835051546392,0.27628865979381445,0.5190721649484537
002001.SZ,660941731.3833333,0.025075849716614976,0.013177913596735775,60,23.94,False,True,0.6742268041237114,0.1731958762886598,0.15876288659793814,0.7804123711340206,0.5179381443298969
600521.SH,883763313.3333334,0.04126040937383488,0.02273154988080821,60,17.79,False,True,0.4577319587628866,0.5484536082474227,0.5195876288659794,0.6195876288659794,0.5175257731958763
000932.SZ,551014661.7,0.0357236681295914,0.015745950794501907,60,5.62,False,True,0.8721649484536083,0.23917525773195877,0.35670103092783506,0.11855670103092783,0.5175257731958763
000009.SZ,720900097.1,0.04187710389150516,0.02226346259728008,60,9.89,False,True,0.5938144329896907,0.5175257731958763,0.5463917525773195,0.31752577319587627,0.5161855670103093
002654.SZ,1584252248.5833333,0.06017829547949354,0.03352347239903792,60,13.51,False,True,0.1670103092783505,0.979381443298969,0.977319587628866,0.49072164948453606,0.5157731958762887
002056.SZ,876698159.65,0.04272892186955087,0.021614262833427288,60,18.69,False,True,0.4639175257731959,0.4577319587628866,0.5752577319587628,0.6412371134020619,0.5148453608247423
002472.SZ,1357361720.05,0.042726894036894815,0.024281592101826066,60,39.8,False,True,0.2309278350515464,0.622680412371134,0.5731958762886598,0.9979381443298969,0.514020618556701
601608.SH,658891438.3,0.041290824205769044,0.021879381804142346,60,6.48,False,True,0.6845360824742268,0.4762886597938144,0.5216494845360825,0.15876288659793814,0.513298969072165
002008.SZ,1596478194.6833334,0.04570051370818306,0.02608134866540647,60,36.6,False,True,0.16288659793814433,0.7154639175257732,0.6701030927835051,0.9711340206185567,0.5111340206185566
601198.SH,606476885.8,0.02858233299337137,0.014845404659953498,55,13.13,False,True,0.756701030927835,0.21443298969072164,0.20618556701030927,0.48041237113402063,0.5104123711340206
002739.SZ,574671856.55,0.025772477750680693,0.014949841329343844,60,11.34,False,True,0.8123711340206186,0.22061855670103092,0.1670103092783505,0.37731958762886597,0.5102061855670104
600362.SH,2287839673.85,0.046916753428764814,0.02985930924554396,60,36.71,False,True,0.07216494845360824,0.8762886597938144,0.7134020618556701,0.9731958762886598,0.5093814432989691
000969.SZ,1848982243.1833334,0.052993377737561416,0.03365709767451677,60,18.16,False,True,0.12577319587628866,0.9835051546391752,0.8680412371134021,0.6288659793814433,0.5092783505154639
002624.SZ,829003352.8166667,0.041581144866825764,0.021365543763020925,60,15.24,False,True,0.5051546391752577,0.44536082474226807,0.534020618556701,0.554639175257732,0.5074226804123712
002530.SZ,775327359.6,0.03846849883704058,0.024600649485112078,60,10.03,False,True,0.5422680412371134,0.6474226804123712,0.44329896907216493,0.32783505154639175,0.5055670103092783
600110.SH,1002009520.2,0.052969041318617106,0.02756640902116616,60,7.47,False,True,0.38762886597938145,0.7835051546391752,0.865979381443299,0.20824742268041238,0.502680412371134
000681.SZ,1347083605.2333333,0.04616994106906703,0.025062732809101828,60,24.32,False,True,0.23505154639175257,0.6639175257731958,0.6907216494845361,0.7876288659793814,0.4996907216494845
601615.SH,929052678.85,0.045012379628644635,0.022889062864571773,60,13.37,False,True,0.4268041237113402,0.5608247422680412,0.643298969072165,0.4865979381443299,0.4980412371134021
002067.SZ,1166235632.2833333,0.05654330060998243,0.033230899520647436,60,5.51,False,True,0.3134020618556701,0.9670103092783505,0.9402061855670103,0.11134020618556702,0.4977319587628866
601877.SH,1189155884.2833333,0.03919593466734061,0.023999405203320303,60,27.53,False,True,0.29690721649484536,0.6123711340206186,0.4639175257731959,0.8546391752577319,0.49659793814432995
002436.SZ,2601130391.0333333,0.061304621924755165,0.03229675061692499,60,19.94,False,True,0.05567010309278351,0.9381443298969072,0.9896907216494846,0.6742268041237114,0.495979381443299
600338.SH,1036769900.0166667,0.04759271727101286,0.02317489053074396,60,14.27,False,True,0.36082474226804123,0.5773195876288659,0.7463917525773196,0.5278350515463918,0.49536082474226806
002423.SZ,619124668.25,0.028826457368843414,0.016235397537605598,60,11.54,False,True,0.7402061855670103,0.2515463917525773,0.21030927835051547,0.38969072164948454,0.4928865979381444
601975.SH,528928614.48333335,0.029158538244336746,0.01384629983479582,60,3.2,False,True,0.9257731958762887,0.18969072164948453,0.22061855670103092,0.020618556701030927,0.49175257731958766
002506.SZ,620777977.05,0.04166655774086535,0.01999258394855268,60,2.57,False,True,0.7360824742268042,0.38556701030927837,0.5360824742268041,0.010309278350515464,0.4908247422680413
600330.SH,1187478378.3,0.052898099246224156,0.028672422401116813,60,9.64,False,True,0.29896907216494845,0.8329896907216495,0.8618556701030928,0.30103092783505153,0.49061855670103094
002429.SZ,708721853.3,0.04189546265038389,0.022054085481225467,60,6.38,False,True,0.6164948453608248,0.49896907216494846,0.5484536082474227,0.1515463917525773,0.4897938144329897
601838.SH,604633558.3,0.019053856165240135,0.009705495108100716,60,16.82,False,True,0.7587628865979381,0.09278350515463918,0.061855670103092786,0.6,0.4892783505154639
600516.SH,830271031.1,0.04288400381191312,0.0261735083012837,60,6.41,False,True,0.5030927835051546,0.7257731958762886,0.5773195876288659,0.15463917525773196,0.48907216494845357
600026.SH,753686761.0,0.03605192675206688,0.02167931605483483,60,12.32,False,True,0.5628865979381443,0.465979381443299,0.36907216494845363,0.4329896907216495,0.48845360824742273
002639.SZ,1328846283.3333333,0.04772756329469462,0.028577341545740067,60,13.65,False,True,0.24536082474226803,0.8247422680412371,0.7505154639175258,0.49690721649484537,0.48731958762886596
002074.SZ,4888062276.683333,0.05306858291182367,0.0274567625706812,60,38.34,False,True,0.008247422680412371,0.777319587628866,0.8721649484536083,0.9814432989690721,0.48628865979381447
600366.SH,739290738.75,0.03543121972858994,0.020225504644427926,60,13.0,False,True,0.5793814432989691,0.3917525773195876,0.3443298969072165,0.4742268041237113,0.4855670103092784
600577.SH,1206311736.8833334,0.04946823698451937,0.028642671453050675,60,10.53,False,True,0.28865979381443296,0.8309278350515464,0.7958762886597938,0.3494845360824742,0.485360824742268
600699.SH,2413096401.383333,0.04732851915580201,0.0306905063750536,60,26.5,False,True,0.061855670103092786,0.9072164948453608,0.7237113402061855,0.8206185567010309,0.481958762886598
002156.SZ,4649236441.35,0.04805008093738724,0.028963777605747167,60,36.13,False,True,0.012371134020618556,0.843298969072165,0.7525773195876289,0.9608247422680413,0.4792783505154639
000807.SZ,1302943416.1166666,0.043948865304055305,0.023181738883927657,60,23.95,False,True,0.2536082474226804,0.5793814432989691,0.6123711340206186,0.7835051546391752,0.47855670103092784
001979.SZ,581993041.3,0.028149542749559688,0.01258804518528705,60,9.44,False,True,0.8,0.16082474226804125,0.1958762886597938,0.2845360824742268,0.4784536082474227
601872.SH,902026955.0666667,0.04375464348936341,0.025707945268409235,60,8.65,False,True,0.43711340206185567,0.6948453608247422,0.6020618556701031,0.2618556701030928,0.4783505154639175
601136.SH,737989579.5,0.030258149568547686,0.014464386578084106,60,20.72,False,True,0.5835051546391753,0.20412371134020618,0.2288659793814433,0.6927835051546392,0.4762886597938144
600884.SH,1544337082.6833334,0.053472078595130354,0.029922396765401493,60,12.24,False,True,0.18144329896907216,0.8804123711340206,0.8804123711340206,0.4309278350515464,0.47597938144329893
601117.SH,535867493.3666667,0.019312574754931332,0.009147045796420778,60,7.34,False,True,0.9134020618556701,0.07010309278350516,0.06597938144329897,0.20412371134020618,0.47577319587628863
000536.SZ,727661351.8333334,0.046161582583434016,0.020774663376953165,60,5.71,False,True,0.5896907216494846,0.40824742268041236,0.688659793814433,0.12371134020618557,0.4750515463917526
000034.SZ,1650729728.6166666,0.04149065259556494,0.024485131548023988,60,39.99,False,True,0.15257731958762888,0.6371134020618556,0.5257731958762887,1.0,0.47494845360824745
601611.SH,1340306769.6333334,0.04900295387922239,0.029694542053292947,60,11.45,False,True,0.23917525773195877,0.865979381443299,0.7793814432989691,0.3835051546391753,0.4744329896907217
600967.SH,1170528393.8166666,0.041950200845583846,0.0245222297169808,60,17.25,False,True,0.311340206185567,0.6391752577319587,0.5505154639175258,0.6103092783505155,0.47257731958762894
600988.SH,1904338899.85,0.042285797391781774,0.0270482181252288,60,30.73,False,True,0.12164948453608247,0.7608247422680412,0.5608247422680412,0.9072164948453608,0.47247422680412376
000768.SZ,725709446.8833333,0.024170931496365736,0.01106636384427406,60,24.34,False,True,0.5917525773195876,0.12577319587628866,0.15051546391752577,0.7896907216494845,0.471958762886598
600549.SH,1951858896.05,0.04587900433460464,0.025157333854761977,60,32.74,False,True,0.11134020618556702,0.6762886597938145,0.6762886597938145,0.9237113402061856,0.4715463917525774
601609.SH,868044186.6666666,0.04087824202019927,0.023136195812196534,60,10.12,False,True,0.4762886597938144,0.5731958762886598,0.5030927835051546,0.32989690721649484,0.47041237113402057
002459.SZ,1120940028.5166667,0.048195203831319505,0.024333010217705696,60,12.04,False,True,0.32783505154639175,0.6329896907216495,0.7608247422680412,0.41030927835051545,0.47030927835051545
000528.SZ,648452106.1166667,0.029066541441111447,0.013713695365731094,60,12.04,False,True,0.6989690721649484,0.18762886597938144,0.21649484536082475,0.41030927835051545,0.4665979381443299
001696.SZ,809504358.8166667,0.0328310732611531,0.015785532245568466,60,21.76,False,True,0.51340206185567,0.24123711340206186,0.27835051546391754,0.7237113402061855,0.4657731958762886
002179.SZ,807929886.0166667,0.022441580851024164,0.011833885402786312,60,34.31,False,True,0.5154639175257731,0.1422680412371134,0.12371134020618557,0.934020618556701,0.4657731958762886
600100.SH,637117674.55,0.03138575650512968,0.01706148954960849,60,8.63,False,True,0.7175257731958763,0.26804123711340205,0.24742268041237114,0.2597938144329897,0.4655670103092784
000021.SZ,3104707179.05,0.049390116402831426,0.029336230622135036,60,23.4,False,True,0.04329896907216495,0.8577319587628865,0.7938144329896907,0.7752577319587629,0.4651546391752577
000887.SZ,1222437322.65,0.040915211327347135,0.024066716022233807,60,20.9,False,True,0.2804123711340206,0.6144329896907217,0.5051546391752577,0.7010309278350515,0.4650515463917526
600589.SH,624705037.55,0.03190965057848651,0.017233046899358555,60,7.22,False,True,0.734020618556701,0.2824742268041237,0.2618556701030928,0.19278350515463918,0.46463917525773196
600011.SH,561375590.1333333,0.02196156302424064,0.010372894670869218,60,7.8,False,True,0.845360824742268,0.10515463917525773,0.11752577319587629,0.2268041237113402,0.46443298969072166
600550.SH,744553001.65,0.036851373987056,0.021671137112858167,60,9.4,False,True,0.5690721649484536,0.4639175257731959,0.38762886597938145,0.2824742268041237,0.4635051546391753
601519.SH,1023579691.5166667,0.04395618696669126,0.023040539440796304,60,12.63,False,True,0.3731958762886598,0.5670103092783505,0.6144329896907217,0.4463917525773196,0.4627835051546392
000547.SZ,1059931441.8,0.03948425372109569,0.02623743495600635,60,12.69,False,True,0.34845360824742266,0.7278350515463917,0.46804123711340206,0.44948453608247424,0.4624742268041237
002312.SZ,688745804.1833333,0.03287360046235228,0.01591847759641341,60,11.8,False,True,0.6412371134020619,0.24329896907216494,0.2804123711340206,0.40309278350515465,0.4598969072164948
601168.SH,1102575187.9166667,0.037499077365794574,0.02190550188026718,60,22.51,False,True,0.334020618556701,0.48041237113402063,0.41237113402061853,0.7525773195876289,0.4587628865979382
600728.SH,629441770.3666667,0.03157674076120854,0.01781281129907207,60,6.38,False,True,0.7298969072164948,0.30515463917525776,0.25773195876288657,0.1515463917525773,0.4584536082474226
600704.SH,551576360.4833333,0.023413178048368215,0.011157995877982463,60,5.26,False,True,0.8701030927835052,0.12989690721649486,0.1422680412371134,0.09690721649484536,0.4582474226804124
002426.SZ,922864938.5333333,0.047466909276751526,0.026467300381289957,60,3.44,False,True,0.4309278350515464,0.7381443298969073,0.7319587628865979,0.0288659793814433,0.45711340206185574
000933.SZ,1185461861.7666667,0.04186703455304711,0.020943557419589944,60,23.94,False,True,0.30103092783505153,0.41855670103092785,0.5443298969072164,0.7804123711340206,0.45690721649484534
002266.SZ,668554079.0666667,0.03745267486686963,0.021183292522306513,60,4.02,False,True,0.6639175257731958,0.4329896907216495,0.40824742268041236,0.041237113402061855,0.4548453608247423
002467.SZ,687481102.35,0.03561786511792254,0.02037734839249762,60,6.51,False,True,0.643298969072165,0.4,0.35051546391752575,0.16082474226804125,0.45422680412371136
600585.SH,692180671.2666667,0.01838796114199881,0.008476184468806448,60,22.83,False,True,0.6329896907216495,0.04329896907216495,0.05360824742268041,0.7628865979381443,0.4541237113402062
002602.SZ,3155270752.3050847,0.05105952967536451,0.031634148622747445,59,18.25,False,True,0.03917525773195876,0.9278350515463918,0.822680412371134,0.6329896907216495,0.4531958762886598
601111.SH,608516415.65,0.027520088337722206,0.01337332848465999,60,8.08,False,True,0.7525773195876289,0.17938144329896907,0.19175257731958764,0.24536082474226803,0.45237113402061857
002681.SZ,686561948.5,0.034436680395686335,0.01936108646630731,60,7.49,False,True,0.6453608247422681,0.36082474226804123,0.3134020618556701,0.21237113402061855,0.45206185567010315
600115.SH,597748906.2333333,0.03372983993356361,0.01470041979997089,60,5.06,False,True,0.7711340206185567,0.20824742268041238,0.2948453608247423,0.0865979381443299,0.4502061855670103
600206.SH,1145030341.2,0.041000363345265814,0.02189960734593687,60,19.64,False,True,0.3237113402061856,0.47835051546391755,0.5092783505154639,0.6618556701030928,0.4501030927835052
600667.SH,1173466504.15,0.04922229279155814,0.026498623853336074,60,7.79,False,True,0.30721649484536084,0.7402061855670103,0.7855670103092783,0.22474226804123712,0.4490721649484536
000723.SZ,659853260.1,0.03691656289979311,0.018452886034867586,60,5.06,False,True,0.6783505154639176,0.32577319587628867,0.3917525773195876,0.0865979381443299,0.44649484536082484
002249.SZ,2019496372.6666667,0.05451076129486298,0.033456098475540735,60,11.04,False,True,0.09690721649484536,0.9752577319587629,0.8989690721649485,0.3649484536082474,0.44649484536082473
600893.SH,939663867.65,0.028420295209699967,0.012539442954558399,60,37.21,False,True,0.41855670103092785,0.15876288659793814,0.2020618556701031,0.979381443298969,0.4462886597938145
601216.SH,554451256.45,0.021929384943082844,0.010560080626450648,60,4.89,False,True,0.865979381443299,0.1134020618556701,0.1154639175257732,0.07835051546391752,0.445360824742268
002155.SZ,1549105052.4833333,0.04064216539615066,0.025869986911703287,60,22.2,False,True,0.17938144329896907,0.7030927835051546,0.4948453608247423,0.7443298969072165,0.44443298969072165
600188.SH,712535655.9333333,0.026904244692947346,0.014118871490362922,60,13.78,False,True,0.6123711340206186,0.19381443298969073,0.18350515463917524,0.511340206185567,0.44412371134020623
600744.SH,673896972.9833333,0.03626805537428203,0.01838378059587262,60,6.14,False,True,0.6536082474226804,0.3216494845360825,0.3752577319587629,0.14432989690721648,0.44360824742268046
002212.SZ,1012384393.4833333,0.045244219085584764,0.023902257525043286,60,9.04,False,True,0.37731958762886597,0.6082474226804123,0.6515463917525773,0.2721649484536082,0.4436082474226804
000737.SZ,1631422856.9166667,0.04757773974067639,0.027754889397679457,60,14.02,False,True,0.15463917525773196,0.7938144329896907,0.7443298969072165,0.5175257731958763,0.4435051546391752
600171.SH,1004246372.0,0.02723374690757472,0.017368280757515064,60,32.6,False,True,0.3835051546391753,0.2865979381443299,0.18969072164948453,0.9216494845360824,0.442680412371134
000983.SZ,607038132.4833333,0.025688661109541447,0.014828076645018864,60,6.72,False,True,0.7546391752577319,0.21237113402061855,0.16494845360824742,0.16907216494845362,0.44061855670103095
002405.SZ,656041930.8166667,0.031485433526698324,0.014788701357624012,60,8.48,False,True,0.6865979381443299,0.21030927835051547,0.2515463917525773,0.2536082474226804,0.4394845360824742
002202.SZ,2053018021.7333333,0.05165373722401528,0.027815916096512957,60,15.4,False,True,0.09278350515463918,0.797938144329897,0.8371134020618557,0.5608247422680412,0.43907216494845364
600711.SH,1958754944.7666667,0.05167927362501877,0.031181358138337934,60,11.77,False,True,0.10721649484536082,0.9195876288659793,0.8391752577319588,0.4,0.4380412371134021
002104.SZ,1920319250.3166666,0.047486464987033614,0.026393817387233058,60,18.51,False,True,0.11752577319587629,0.734020618556701,0.7360824742268042,0.6350515463917525,0.43711340206185567
600438.SH,2690280183.516667,0.050522466662522,0.025516462082589262,60,22.86,False,True,0.05360824742268041,0.6865979381443299,0.8164948453608247,0.7649484536082474,0.4369072164948453
002716.SZ,1293669475.5833333,0.04685314005112369,0.03178262213920125,60,6.02,False,True,0.2556701030927835,0.931958762886598,0.711340206185567,0.13814432989690723,0.4357731958762887
002241.SZ,4466837382.816667,0.04705180058479666,0.026103134219468412,60,29.34,False,True,0.01443298969072165,0.7175257731958763,0.7195876288659794,0.8845360824742268,0.4348453608247423
002414.SZ,851347799.35,0.037471756282066046,0.01878251815365032,60,12.16,False,True,0.488659793814433,0.3319587628865979,0.41030927835051545,0.42783505154639173,0.4334020618556701
600498.SH,1287376052.1666667,0.039612427837832774,0.021489988941859835,60,23.3,False,True,0.2597938144329897,0.4515463917525773,0.4762886597938144,0.7731958762886598,0.433298969072165
600160.SH,1370285062.5833333,0.03799714417561996,0.02028936897326049,60,33.32,False,True,0.2288659793814433,0.3958762886597938,0.4288659793814433,0.9298969072164949,0.43247422680412373
000519.SZ,897600100.9666667,0.03401603656925371,0.017874619208707847,60,18.54,False,True,0.43917525773195876,0.30721649484536084,0.30515463917525776,0.6371134020618556,0.4322680412371134
600176.SH,1027971535.5,0.034844594919414586,0.022507529075538997,60,15.2,False,True,0.3670103092783505,0.5360824742268041,0.3216494845360825,0.5525773195876289,0.43113402061855666
600143.SH,3210408817.8333335,0.04844425364173992,0.02974310092841858,60,18.09,False,True,0.03711340206185567,0.8680412371134021,0.7649484536082474,0.6268041237113402,0.43041237113402064
601059.SH,854336566.1090909,0.03150272553403912,0.016110668476048057,55,17.79,False,True,0.4865979381443299,0.24742268041237114,0.2536082474226804,0.6195876288659794,0.43041237113402064
603005.SH,1036209123.1833333,0.032924001433119465,0.017424205564722024,60,26.62,False,True,0.3628865979381443,0.28865979381443296,0.2824742268041237,0.8237113402061855,0.4281443298969072
002670.SZ,1536361162.1666667,0.04385231892288985,0.024323929197496187,60,17.94,False,True,0.18762886597938144,0.6309278350515464,0.6041237113402061,0.6247422680412371,0.42618556701030924
000400.SZ,1151943973.3833334,0.035132496184462104,0.019476730626211632,60,25.49,False,True,0.31958762886597936,0.3649484536082474,0.32783505154639175,0.797938144329897,0.42556701030927835
002097.SZ,1026236863.2666667,0.03803311275511372,0.02264172604251258,60,12.14,False,True,0.3711340206185567,0.5443298969072164,0.4309278350515464,0.4247422680412371,0.4254639175257732
002354.SZ,720402703.35,0.03528212549785391,0.017941867010930472,60,7.09,False,True,0.6020618556701031,0.311340206185567,0.33814432989690724,0.18762886597938144,0.4214432989690721
603993.SH,4013532318.6666665,0.049811056476605435,0.029553729199233016,60,15.98,False,True,0.02268041237113402,0.8618556701030928,0.8082474226804124,0.5783505154639176,0.41948453608247427
000060.SZ,702349209.4666667,0.03512787511786032,0.019046095339795493,60,5.12,False,True,0.622680412371134,0.3463917525773196,0.32577319587628867,0.09278350515463918,0.41690721649484536
600588.SH,1223041217.15,0.040857955826195926,0.022592686532478354,60,14.67,False,True,0.27835051546391754,0.5381443298969072,0.5010309278350515,0.5422680412371134,0.4164948453608247
002171.SZ,1396063411.1833334,0.045377619705172616,0.025956654985703653,60,11.39,False,True,0.22268041237113403,0.711340206185567,0.6536082474226804,0.37938144329896906,0.41639175257731964
600095.SH,1026441552.4666667,0.040399959086203065,0.022186029486043594,60,11.16,False,True,0.36907216494845363,0.51340206185567,0.49072164948453606,0.36907216494845363,0.4161855670103093
600089.SH,5504201321.1,0.04659469156426515,0.028415981367164715,60,21.88,False,True,0.004123711340206186,0.8164948453608247,0.7051546391752578,0.7257731958762886,0.4160824742268041
600196.SH,988727178.7,0.027885998030617812,0.01358147351478644,60,27.53,False,True,0.3958762886597938,0.18556701030927836,0.19381443298969073,0.8546391752577319,0.4152577319587629
600547.SH,1984775928.1666667,0.03652182039255912,0.023534217007706436,60,35.92,False,True,0.10515463917525773,0.5896907216494846,0.38144329896907214,0.9587628865979382,0.4142268041237114
002648.SZ,785526570.8333334,0.024219292542238743,0.012438215445457238,60,16.73,False,True,0.5319587628865979,0.15670103092783505,0.15257731958762888,0.5979381443298969,0.41319587628865984
600989.SH,871017211.1333333,0.028306510319998115,0.015037270926055163,60,17.87,False,True,0.47216494845360824,0.2309278350515464,0.2,0.622680412371134,0.4131958762886598
600637.SH,872025378.2666667,0.03758657621305094,0.019992068380270973,60,9.74,False,True,0.47010309278350515,0.3835051546391753,0.41649484536082476,0.30927835051546393,0.4125773195876289
600392.SH,2486599556.8,0.04505373140405301,0.027159701497109178,60,20.3,False,True,0.0577319587628866,0.7628865979381443,0.6453608247422681,0.6845360824742268,0.41226804123711347
002273.SZ,1282230719.1666667,0.035886077980162384,0.02089377066747732,60,24.08,False,True,0.2618556701030928,0.41237113402061853,0.3628865979381443,0.7855670103092783,0.41185567010309276
600797.SH,967976760.3166667,0.03791613683174189,0.021266509060859036,60,11.21,False,True,0.4041237113402062,0.44329896907216493,0.42061855670103093,0.3731958762886598,0.40824742268041236
002130.SZ,2836819939.0333333,0.043386265650349184,0.025561074999589387,60,24.78,False,True,0.049484536082474224,0.6907216494845361,0.5958762886597938,0.7917525773195876,0.40814432989690724
601319.SH,683021364.0166667,0.026231514447474225,0.013913139112732426,60,8.47,False,True,0.6494845360824743,0.19175257731958764,0.17525773195876287,0.2515463917525773,0.4072164948453609
600518.SH,581491414.3833333,0.022913956630987338,0.010710611412689216,60,2.03,False,True,0.8041237113402062,0.11958762886597939,0.13195876288659794,0.002061855670103093,0.405979381443299
601995.SH,966203299.0727273,0.020259316338195714,0.010420503766094075,55,34.8,False,True,0.4061855670103093,0.10721649484536082,0.08247422680412371,0.9463917525773196,0.40587628865979386
002611.SZ,1938786073.9666667,0.04477680288491013,0.02539631167508056,60,17.57,False,True,0.1134020618556701,0.6824742268041237,0.6329896907216495,0.6164948453608248,0.4057731958762887
600120.SH,700577266.7833333,0.03092914368726006,0.017489451705502233,60,6.22,False,True,0.6268041237113402,0.2907216494845361,0.23917525773195877,0.14845360824742268,0.4057731958762887
002176.SZ,1537810433.0833333,0.05094635741949959,0.025067503661826803,60,10.23,False,True,0.18350515463917524,0.6659793814432989,0.8185567010309278,0.3319587628865979,0.4049484536082474
002640.SZ,758744095.9666667,0.0381373731297171,0.01965742303740785,60,4.63,False,True,0.5587628865979382,0.3752577319587629,0.4350515463917526,0.06391752577319587,0.40453608247422684
601009.SH,689013233.1666666,0.022586615152578524,0.010137895870653906,60,11.49,False,True,0.6391752577319587,0.09896907216494845,0.12577319587628866,0.38762886597938145,0.40381443298969066
600096.SH,1375745764.2666667,0.0357049542285282,0.01894628706125139,60,30.31,False,True,0.22474226804123712,0.3422680412371134,0.354639175257732,0.8989690721649485,0.4025773195876289
002276.SZ,1630079649.3666666,0.043214126554163304,0.024674363095394787,60,15.55,False,True,0.15670103092783505,0.6515463917525773,0.5896907216494846,0.5628865979381443,0.40185567010309275
002251.SZ,1712562286.2666667,0.06065872081104709,0.028523472239028503,60,5.62,False,True,0.1463917525773196,0.8206185567010309,0.9835051546391752,0.11855670103092783,0.4012371134020619
000166.SZ,583256406.95,0.01950222975340856,0.008867955828435675,60,5.11,False,True,0.7958762886597938,0.061855670103092786,0.07010309278350516,0.09072164948453608,0.3991752577319588
601225.SH,938431651.3166667,0.02657922836691305,0.012822370718309963,60,22.48,False,True,0.42061855670103093,0.16494845360824742,0.177319587628866,0.7505154639175258,0.3989690721649485
600489.SH,2293205898.6666665,0.04105981090804754,0.025876764399540026,60,22.18,False,True,0.07010309278350516,0.7051546391752578,0.5154639175257731,0.7412371134020619,0.3981443298969072
002366.SZ,1081318710.9666667,0.042714481056954766,0.02359627185974244,60,7.25,False,True,0.3422680412371134,0.5958762886597938,0.5711340206185567,0.1958762886597938,0.3980412371134021
002245.SZ,1528433816.4,0.04239046346919974,0.022692837784581754,60,16.05,False,True,0.19381443298969073,0.5463917525773195,0.5649484536082474,0.5814432989690722,0.39752577319587623
002261.SZ,3549355161.5833335,0.04156632351094563,0.023630077604762233,60,31.9,False,True,0.024742268041237112,0.6,0.5319587628865979,0.9195876288659793,0.39484536082474225
600879.SH,891747949.3333334,0.03568887049934119,0.01899295292055195,60,10.63,False,True,0.44536082474226807,0.3443298969072165,0.3525773195876289,0.354639175257732,0.39309278350515464
002736.SZ,799399480.25,0.028942842007665996,0.013294943096742255,60,12.79,False,True,0.5195876288659794,0.177319587628866,0.21237113402061855,0.45979381443298967,0.39309278350515464
000878.SZ,1608162693.4,0.041322917839040886,0.02389911262320391,60,16.33,False,True,0.15876288659793814,0.6061855670103092,0.5237113402061856,0.5896907216494846,0.38917525773195877
000750.SZ,643576407.8833333,0.02414197901344144,0.013439595739018345,60,4.21,False,True,0.7072164948453609,0.18144329896907216,0.14845360824742268,0.05567010309278351,0.387938144329897
002600.SZ,4806626576.233334,0.04928021875626907,0.028642181890358047,60,13.52,False,True,0.010309278350515464,0.8288659793814434,0.7876288659793814,0.4927835051546392,0.38711340206185574
601698.SH,1230312247.1833334,0.03545550567608834,0.019598426633089066,60,20.49,False,True,0.27422680412371137,0.36907216494845363,0.3463917525773196,0.6865979381443299,0.3864948453608248
002465.SZ,870394620.9166666,0.03180563340094321,0.016889743389638445,60,11.88,False,True,0.4742268041237113,0.2639175257731959,0.2597938144329897,0.4061855670103093,0.38639175257731956
600487.SH,2179653365.866667,0.044805274504868306,0.023582943639988967,60,19.98,False,True,0.08041237113402062,0.5938144329896907,0.6350515463917525,0.6762886597938145,0.3854639175257732
600875.SH,1313197557.95,0.035342964340612466,0.02067027368210344,60,20.51,False,True,0.24948453608247423,0.4041237113402062,0.3422680412371134,0.688659793814433,0.38216494845360827
002142.SZ,961438353.2833333,0.020511559401339897,0.008362986606547952,60,28.28,False,True,0.41030927835051545,0.041237113402061855,0.09278350515463918,0.8701030927835052,0.38082474226804125
600515.SH,844900840.3666667,0.03974776672505739,0.018929535135170872,60,4.87,False,True,0.49896907216494846,0.3402061855670103,0.4824742268041237,0.07422680412371134,0.3797938144329897
600015.SH,631221286.85,0.018497445121702063,0.008211943690026856,60,6.9,False,True,0.7237113402061855,0.03917525773195876,0.05567010309278351,0.18350515463917524,0.3785567010309278
601229.SH,691714089.4666667,0.020346954065060433,0.009050300620873643,60,9.9,False,True,0.6350515463917525,0.06597938144329897,0.08453608247422681,0.31958762886597936,0.37556701030927836
600415.SH,1087770615.0333333,0.03464403423200692,0.017586397603213726,60,16.14,False,True,0.33814432989690724,0.2948453608247423,0.3154639175257732,0.5835051546391753,0.37515463917525776
600570.SH,1399709913.6666667,0.030538635327057525,0.017942136240013142,60,29.61,False,True,0.22061855670103092,0.3134020618556701,0.23505154639175257,0.8886597938144329,0.37494845360824747
601006.SH,594005500.0333333,0.00973671863304974,0.004445816146229992,60,5.54,False,True,0.7793814432989691,0.002061855670103093,0.002061855670103093,0.1134020618556701,0.37412371134020617
002555.SZ,1954456479.9666667,0.03972681412335648,0.022745144620717528,60,21.38,False,True,0.10927835051546392,0.5505154639175258,0.48041237113402063,0.7123711340206186,0.37381443298969075
601555.SH,708414134.7833333,0.021600708691900058,0.011161632110332945,60,8.86,False,True,0.6185567010309279,0.13195876288659794,0.10721649484536082,0.2639175257731959,0.37360824742268045
600497.SH,845432297.25,0.03547440425435981,0.018792638156827,60,6.21,False,True,0.49690721649484537,0.334020618556701,0.34845360824742266,0.1463917525773196,0.3719587628865979
000792.SZ,2252023963.7833333,0.03886335474081172,0.022380028467734455,60,26.49,False,True,0.07628865979381444,0.5278350515463918,0.4536082474226804,0.8185567010309278,0.3716494845360825
600926.SH,792636461.8,0.018771412826823538,0.009094319813753813,60,15.38,False,True,0.5257731958762887,0.06804123711340206,0.0577319587628866,0.5587628865979382,0.370618556701031
601881.SH,861368496.9833333,0.02177324997504227,0.010540998771931808,60,15.84,False,True,0.48041237113402063,0.11134020618556702,0.11134020618556702,0.5731958762886598,0.36979381443298964
601916.SH,588034174.5166667,0.01610009973759585,0.007616416219145135,60,3.09,False,True,0.7876288659793814,0.032989690721649485,0.030927835051546393,0.016494845360824743,0.3689690721649484
600126.SH,1009254703.3333334,0.03878763512558451,0.01916129912555856,60,8.97,False,True,0.37938144329896906,0.35051546391752575,0.4515463917525773,0.26804123711340205,0.36216494845360825
601696.SH,885944417.4,0.026659139398325267,0.01441310214198013,60,12.7,False,True,0.4536082474226804,0.2,0.17938144329896907,0.4515463917525773,0.36134020618556706
600584.SH,3452717274.8166666,0.036868209802058814,0.021941519428881933,60,35.8,False,True,0.026804123711340205,0.4865979381443299,0.38969072164948454,0.9567010309278351,0.3591752577319588
600795.SH,660065496.1833333,0.022240464770531345,0.009180816280528884,60,5.37,False,True,0.6762886597938145,0.07216494845360824,0.12164948453608247,0.10412371134020619,0.3578350515463918
002129.SZ,1518051637.4833333,0.045471541749307204,0.022987756556054135,60,9.27,False,True,0.1979381443298969,0.5649484536082474,0.6577319587628866,0.2804123711340206,0.3568041237113402
601899.SH,7444676124.75,0.039417300543629664,0.022760769374696597,60,28.43,False,True,0.002061855670103093,0.5525773195876289,0.465979381443299,0.8762886597938144,0.35659793814432994
600460.SH,2179574282.766667,0.03731635919166683,0.021076635639026727,60,27.55,False,True,0.08247422680412371,0.4268041237113402,0.4,0.8597938144329897,0.3544329896907217
000157.SZ,758325416.9333333,0.024818113294778354,0.012145181782509767,60,7.95,False,True,0.5608247422680412,0.15051546391752577,0.15670103092783505,0.23917525773195877,0.35381443298969073
601788.SH,935523155.6833333,0.020426009447060165,0.009449665612006563,60,17.28,False,True,0.4247422680412371,0.088659793814433,0.09072164948453608,0.6123711340206186,0.34494845360824744
002065.SZ,1446584193.8166666,0.03594049269589205,0.02410119577486094,60,10.38,False,True,0.21649484536082475,0.6185567010309279,0.3649484536082474,0.3422680412371134,0.3443298969072165
000938.SZ,3099499730.3,0.03794080922451502,0.022102228961498247,60,24.98,False,True,0.04536082474226804,0.5010309278350515,0.422680412371134,0.7938144329896907,0.3427835051546392
002797.SZ,740800121.0166667,0.022164515320713347,0.012181925150588286,60,6.85,False,True,0.5711340206185567,0.15257731958762888,0.11958762886597939,0.177319587628866,0.34092783505154645
601390.SH,650562492.5666667,0.01575709359695816,0.007281435043046602,60,5.36,False,True,0.6927835051546392,0.026804123711340205,0.02268041237113402,0.10103092783505155,0.3407216494845361
600690.SH,1191335336.9833333,0.021133381610619027,0.01067137916188162,60,27.4,False,True,0.2927835051546392,0.11752577319587629,0.09896907216494845,0.8515463917525773,0.3404123711340207
000158.SZ,2032082801.6333334,0.03948548091146546,0.02004948322361359,60,22.44,False,True,0.09484536082474226,0.38762886597938145,0.47010309278350515,0.7484536082474227,0.3404123711340206
600938.SH,1211398464.3166666,0.019535788815599815,0.011524816757042346,60,27.81,False,True,0.2845360824742268,0.13814432989690723,0.07216494845360824,0.865979381443299,0.33969072164948455
000425.SZ,1058831420.8833333,0.03698739564369927,0.01666348306345215,60,10.53,False,True,0.3525773195876289,0.2597938144329897,0.3938144329896907,0.3494845360824742,0.33958762886597943
601601.SH,1491878284.6333334,0.025405195580515665,0.01260722385359487,60,34.61,False,True,0.20824742268041238,0.16288659793814433,0.16082474226804125,0.9443298969072165,0.33927835051546396
002131.SZ,4105942134.3,0.05459054709615653,0.02986785722187322,60,5.25,False,True,0.020618556701030927,0.8783505154639175,0.9010309278350516,0.09484536082474226,0.3390721649484536
601618.SH,751477976.65,0.031046802553790012,0.014969551608335154,60,3.19,False,True,0.5649484536082474,0.22474226804123712,0.24123711340206186,0.018556701030927835,0.3390721649484536
600930.SH,659827529.7333333,0.013198769410771024,0.006267138206152454,60,6.13,False,True,0.6804123711340206,0.010309278350515464,0.010309278350515464,0.1422680412371134,0.33824742268041236
601377.SH,740489374.6833333,0.023677740953987125,0.011088989208283318,60,6.61,False,True,0.5731958762886598,0.12783505154639174,0.14432989690721648,0.16494845360824742,0.3381443298969072
000783.SZ,885061362.8,0.0297414767345772,0.01674662997550324,60,7.86,False,True,0.4556701030927835,0.2618556701030928,0.22474226804123712,0.2329896907216495,0.3377319587628866
002617.SZ,1567372450.4666667,0.04220124595257487,0.024716348587347836,60,7.85,False,True,0.1711340206185567,0.6536082474226804,0.5567010309278351,0.2309278350515464,0.33742268041237117
603300.SH,1095267640.0,0.034409751423074356,0.021939720973454747,60,7.38,False,True,0.33608247422680415,0.4845360824742268,0.311340206185567,0.20618556701030927,0.33608247422680415
601360.SH,2752671665.4,0.04155912524187723,0.024961687176665876,60,13.71,False,True,0.05154639175257732,0.6577319587628866,0.5298969072164949,0.5072164948453608,0.3356701030927835
600326.SH,1063280363.1666666,0.034662119805829526,0.017329706052569838,60,11.13,False,True,0.3463917525773196,0.2845360824742268,0.31752577319587627,0.3670103092783505,0.3338144329896907
601012.SH,4463737229.7,0.04364813056270103,0.022425084416674856,60,18.81,False,True,0.016494845360824743,0.5319587628865979,0.6,0.6453608247422681,0.33288659793814435
600905.SH,643190677.9,0.010457929972744058,0.004698537115467718,60,4.17,False,True,0.709278350515464,0.004123711340206186,0.004123711340206186,0.05360824742268041,0.33134020618556703
002939.SZ,951515280.15,0.028997412992123793,0.015316325773383488,60,9.96,False,True,0.4144329896907217,0.2329896907216495,0.21443298969072164,0.3237113402061856,0.33
601179.SH,1556543320.6,0.040577338629520725,0.02428406744093663,60,8.27,False,True,0.1731958762886598,0.6247422680412371,0.4927835051546392,0.24948453608247423,0.3267010309278351
002085.SZ,1292247153.7,0.03384348429109888,0.01662640239748409,60,15.75,False,True,0.25773195876288657,0.25773195876288657,0.29896907216494845,0.5690721649484536,0.32618556701030926
000630.SZ,1811595416.0833333,0.04386594695997905,0.027522447544254543,60,5.04,False,True,0.1360824742268041,0.7793814432989691,0.6061855670103092,0.08247422680412371,0.32453608247422683
002400.SZ,1314942679.25,0.03867596542907168,0.02125223213344305,60,9.49,False,True,0.24742268041237114,0.43917525773195876,0.44948453608247424,0.28969072164948456,0.32453608247422683
000776.SZ,1812501029.5833333,0.03415647660765819,0.019292255559635967,60,21.09,False,True,0.13402061855670103,0.35876288659793815,0.30927835051546393,0.7051546391752578,0.31948453608247424
600019.SH,790158945.3166667,0.023193409470338308,0.009911965967029207,60,7.19,False,True,0.5278350515463918,0.09690721649484536,0.1402061855670103,0.18969072164948453,0.31587628865979384
600104.SH,1056766608.0166667,0.02266159995307082,0.01140238851565983,60,14.86,False,True,0.354639175257732,0.1360824742268041,0.12783505154639174,0.5484536082474227,0.31567010309278354
002236.SZ,1555376319.6,0.031522890601746144,0.018910265065035247,60,18.68,False,True,0.17525773195876287,0.33814432989690724,0.2556701030927835,0.6391752577319587,0.312680412371134
002195.SZ,4197387661.5333333,0.04670865791396685,0.027556759101696363,60,6.98,False,True,0.018556701030927835,0.7814432989690722,0.709278350515464,0.18556701030927836,0.3081443298969072
600522.SH,2076472113.6166666,0.038101443771597514,0.02101304761991333,60,15.88,False,True,0.09072164948453608,0.422680412371134,0.4329896907216495,0.5752577319587628,0.30536082474226806
600733.SH,1006664284.7333333,0.032096893238837666,0.01493124950346055,60,7.67,False,True,0.38144329896907214,0.21855670103092784,0.26597938144329897,0.22061855670103092,0.2993814432989691
600031.SH,1500245543.3166666,0.029133244124210343,0.013122242367496104,60,20.88,False,True,0.20412371134020618,0.1711340206185567,0.21855670103092784,0.6969072164948453,0.2982474226804124
002352.SZ,1529618352.5166667,0.0157899329640326,0.008818022553710853,60,39.25,False,True,0.19175257731958764,0.05154639175257732,0.024742268041237112,0.98659793814433,0.2976288659793815
601766.SH,799170689.0166667,0.019796985484003514,0.00885936919283887,60,7.27,False,True,0.5216494845360825,0.05979381443298969,0.07422680412371134,0.1979381443298969,0.29742268041237113
002027.SZ,886293676.1166667,0.024523269496780152,0.0120252626424859,60,7.29,False,True,0.4515463917525773,0.14845360824742268,0.15463917525773196,0.2,0.2960824742268041
601901.SH,866653223.7666667,0.019265108813823924,0.009756281536600676,60,7.69,False,True,0.47835051546391755,0.09484536082474226,0.06391752577319587,0.22268041237113403,0.28835051546391754
600999.SH,1084480621.2166667,0.018032919464679706,0.008645049412854973,60,16.31,False,True,0.3402061855670103,0.04536082474226804,0.049484536082474224,0.5876288659793815,0.2871134020618557
600406.SH,1499840094.2833333,0.022842940171113553,0.011256143312679191,60,22.12,False,True,0.20618556701030927,0.13402061855670103,0.12989690721649486,0.7360824742268042,0.28628865979381446
002185.SZ,1553596174.76,0.03600434864202354,0.02026740981069678,50,10.75,False,True,0.177319587628866,0.3938144329896907,0.3670103092783505,0.35670103092783506,0.28494845360824744
601816.SH,738226670.8,0.01272863088671538,0.005419518840585445,60,5.06,False,True,0.5814432989690722,0.008247422680412371,0.008247422680412371,0.0865979381443299,0.2818556701030928
601933.SH,940572851.2,0.031422251086597915,0.015006427778527403,60,4.11,False,True,0.41649484536082476,0.2288659793814433,0.24948453608247423,0.049484536082474224,0.2805154639175258
000617.SZ,2144639413.8333333,0.040138305718951266,0.022971985569914387,60,9.07,False,True,0.088659793814433,0.5628865979381443,0.4865979381443299,0.27422680412371137,0.28030927835051545
600703.SH,1526836225.5666666,0.03247170307275097,0.017131101790084733,60,12.94,False,True,0.1958762886597938,0.27835051546391754,0.2721649484536082,0.47010309278350515,0.278659793814433
002031.SZ,1145452170.0166667,0.033684322313662834,0.016049060336922816,60,7.22,False,True,0.3216494845360825,0.24536082474226803,0.2907216494845361,0.19278350515463918,0.27597938144329903
600170.SH,1536995973.4833333,0.033779917833204554,0.025924747291347573,60,2.75,False,True,0.18556701030927836,0.7072164948453609,0.29690721649484536,0.01443298969072165,0.2723711340206186
601688.SH,2405231591.95,0.03215262856182336,0.01773654161624074,60,20.89,False,True,0.06391752577319587,0.30103092783505153,0.26804123711340205,0.6989690721649484,0.2689690721649485
000066.SZ,1815593858.95,0.032614224878703114,0.017089132354635442,60,14.92,False,True,0.13195876288659794,0.2721649484536082,0.27628865979381445,0.5505154639175258,0.2653608247422681
002415.SZ,2335250705.3,0.026765621787383755,0.011892273596124043,60,29.9,False,True,0.06597938144329897,0.14432989690721648,0.18144329896907216,0.8969072164948454,0.2651546391752577
601600.SH,3297824368.05,0.040980417146153754,0.022376592336211327,60,10.39,False,True,0.030927835051546393,0.5257731958762887,0.5072164948453608,0.3443298969072165,0.26402061855670106
601728.SH,847677647.6833333,0.014797691768041459,0.006477914573011697,60,6.83,False,True,0.49072164948453606,0.01443298969072165,0.018556701030927835,0.17525773195876287,0.2615463917525773
002340.SZ,2010855409.7166667,0.041531858543441026,0.02182851551000883,60,7.48,False,True,0.09896907216494845,0.4742268041237113,0.5278350515463918,0.21030927835051547,0.26061855670103096
600887.SH,1604403575.3333333,0.016248055179983657,0.007278430943056632,60,28.7,False,True,0.16082474226804125,0.024742268041237112,0.032989690721649485,0.8783505154639175,0.2579381443298969
600150.SH,3229424969.2,0.02299597802972545,0.012985762947319894,60,34.23,False,True,0.03505154639175258,0.16907216494845362,0.1360824742268041,0.931958762886598,0.2563917525773196
600958.SH,1191139775.75,0.025958286593579214,0.011899893957964956,60,10.34,False,True,0.2948453608247423,0.1463917525773196,0.16907216494845362,0.3371134020618557,0.2547422680412372
601919.SH,1222044748.8166666,0.015491823526373134,0.008849313021658402,60,14.7,False,True,0.2824742268041237,0.05567010309278351,0.020618556701030927,0.5443298969072164,0.2502061855670103
601658.SH,981461620.5333333,0.022956103782235376,0.010711551776462653,60,5.67,False,True,0.4,0.12164948453608247,0.13402061855670103,0.12164948453608247,0.24876288659793816
600000.SH,1338785865.4,0.027072156300613,0.01290850273510505,60,11.48,False,True,0.24123711340206186,0.1670103092783505,0.18556701030927836,0.38556701030927837,0.24690721649484537
600219.SH,1242175835.65,0.034074416192841454,0.018213114838794335,60,4.46,False,True,0.2721649484536082,0.31958762886597936,0.30721649484536084,0.05979381443298969,0.24443298969072164
000651.SZ,2153810326.1666665,0.01398787357397391,0.007119680295310843,60,39.33,False,True,0.0865979381443299,0.02268041237113402,0.01443298969072165,0.9896907216494846,0.24360824742268045
000338.SZ,1782284151.3166666,0.025582321540523496,0.013212668009117773,60,16.9,False,True,0.1402061855670103,0.17525773195876287,0.16288659793814433,0.6041237113402061,0.2434020618556701
601868.SH,811652569.4333333,0.017933382317639787,0.0067529507601723215,60,2.35,False,True,0.511340206185567,0.018556701030927835,0.04742268041237113,0.006185567010309278,0.24216494845360825
000002.SZ,984957005.1666666,0.021870615590527356,0.009398849311848355,60,5.89,False,True,0.3979381443298969,0.08453608247422681,0.1134020618556701,0.13402061855670103,0.2397938144329897
600028.SH,892071296.9833333,0.016319148145866103,0.007350212527255745,60,5.74,False,True,0.44329896907216493,0.0288659793814433,0.03505154639175258,0.12783505154639174,0.23608247422680412
000564.SZ,1811451881.9166667,0.04337308753722901,0.020775128020621595,60,2.61,False,True,0.13814432989690723,0.41030927835051545,0.5938144329896907,0.012371134020618556,0.23577319587628867
601939.SH,1138385997.3166666,0.020196426278682025,0.009251523808351588,60,9.53,False,True,0.32577319587628867,0.07628865979381444,0.08041237113402062,0.29896907216494845,0.23371134020618559
002456.SZ,2208952978.766667,0.03508188341146297,0.018401205828289798,60,11.44,False,True,0.07835051546391752,0.3237113402061856,0.3237113402061856,0.38144329896907214,0.22484536082474227
601166.SH,1865833122.9,0.02005290295289348,0.009482288843454244,60,20.74,False,True,0.12371134020618557,0.09072164948453608,0.07628865979381444,0.6948453608247422,0.22422680412371132
601727.SH,3327504523.9333334,0.03795654269084072,0.021480233894000278,60,8.88,False,True,0.0288659793814433,0.44742268041237115,0.4247422680412371,0.26597938144329897,0.21938144329896908
600030.SH,5378134558.033334,0.02100257679834639,0.010161826183707636,60,27.31,False,True,0.006185567010309278,0.10103092783505155,0.09690721649484536,0.8494845360824742,0.20742268041237116
601985.SH,1172254929.4166667,0.016577540707051357,0.00873574261479806,60,8.62,False,True,0.30927835051546393,0.049484536082474224,0.03711340206185567,0.25773195876288657,0.20618556701030927
000001.SZ,1253187469.8333333,0.013835777355153732,0.006299265996351518,60,11.69,False,True,0.26804123711340205,0.012371134020618556,0.012371134020618556,0.3938144329896907,0.2037113402061856
601211.SH,2261356700.883333,0.02135637575316924,0.010651963816719467,60,18.9,False,True,0.07422680412371134,0.1154639175257732,0.10103092783505155,0.6515463917525773,0.20195876288659798
600900.SH,2468536155.95,0.011289149740287812,0.004790990596684234,60,27.73,False,True,0.05979381443298969,0.006185567010309278,0.006185567010309278,0.8618556701030928,0.20144329896907218
600839.SH,1584462851.7666667,0.02602571136581581,0.014158468706844769,60,9.5,False,True,0.16494845360824742,0.1979381443298969,0.1711340206185567,0.29381443298969073,0.1982474226804124
000625.SZ,1341560908.5166667,0.015953325284842897,0.008007728341471704,60,11.75,False,True,0.23711340206185566,0.03711340206185567,0.0288659793814433,0.3958762886597938,0.19762886597938145
600919.SH,1478066715.5833333,0.02035048029436337,0.010168275065710376,60,10.37,False,True,0.21030927835051547,0.10309278350515463,0.0865979381443299,0.3402061855670103,0.19628865979381444
601857.SH,1503913473.55,0.021586962078226635,0.010493987734171654,60,9.72,False,True,0.2020618556701031,0.10927835051546392,0.10515463917525773,0.30721649484536084,0.19
600048.SH,1275355447.3833334,0.01755667392995525,0.007604152208291722,60,6.87,False,True,0.2639175257731959,0.030927835051546393,0.04329896907216495,0.18041237113402062,0.1675257731958763
601669.SH,1271666356.9166667,0.01878685952542305,0.00930362664609779,60,5.42,False,True,0.26597938144329897,0.08041237113402062,0.05979381443298969,0.10721649484536082,0.1661855670103093
601099.SH,1717641392.7666667,0.030428728664989503,0.0171199903807746,60,4.1,False,True,0.14432989690721648,0.27628865979381445,0.2309278350515464,0.04639175257731959,0.16412371134020617
601818.SH,1225517825.0833333,0.021370334319566184,0.009420162471479306,60,3.52,False,True,0.27628865979381445,0.0865979381443299,0.10309278350515463,0.032989690721649485,0.16371134020618558
601328.SH,1530797380.9166667,0.019334390525591827,0.009204550914272861,60,7.5,False,True,0.18969072164948453,0.07422680412371134,0.06804123711340206,0.21443298969072164,0.15329896907216495
601169.SH,1374670784.9,0.017833482404940107,0.008839386324235171,60,5.73,False,True,0.2268041237113402,0.05360824742268041,0.04536082474226804,0.12577319587628866,0.1447422680412371
600010.SH,3155084799.883333,0.03612611496896891,0.018804806081119906,60,2.42,False,True,0.041237113402061855,0.33608247422680415,0.3711340206185567,0.008247422680412371,0.14309278350515464
601162.SH,1709754727.8,0.02408940357858076,0.012367750312955025,60,4.81,False,True,0.14845360824742268,0.15463917525773196,0.1463917525773196,0.06804123711340206,0.13329896907216496
601668.SH,1348225286.0,0.014680537519257075,0.006695944342357629,60,5.27,False,True,0.2329896907216495,0.016494845360824743,0.016494845360824743,0.09896907216494845,0.13041237113402063
601288.SH,3242119200.0666666,0.026163570820440837,0.01346506205426683,60,7.82,False,True,0.032989690721649485,0.18350515463917524,0.1731958762886598,0.2288659793814433,0.12329896907216495
000100.SZ,1760227196.6333334,0.02306957178945651,0.010796554660207415,60,4.08,False,True,0.1422680412371134,0.12371134020618557,0.13814432989690723,0.04329896907216495,0.11814432989690724
601988.SH,1905744675.0666666,0.020781984942222036,0.0088841096211304,60,6.04,False,True,0.11958762886597939,0.06391752577319587,0.09484536082474226,0.1402061855670103,0.10886597938144331
600016.SH,1842145436.1166666,0.020412444385701667,0.009368492147375207,60,4.1,False,True,0.12783505154639174,0.08247422680412371,0.088659793814433,0.04639175257731959,0.09659793814432989
601398.SH,2889485193.2,0.020077822255084032,0.00885484699420947,60,8.02,False,True,0.04742268041237113,0.0577319587628866,0.07835051546391752,0.24329896907216494,0.09329896907216495
600050.SH,1988262515.6,0.018062803144373866,0.00928674430117186,60,5.45,False,True,0.10103092783505155,0.07835051546391752,0.05154639175257732,0.10927835051546392,0.0907216494845361
000725.SZ,2324146165.25,0.017438039161875554,0.007684037339670676,60,3.86,False,True,0.06804123711340206,0.03505154639175258,0.041237113402061855,0.03917525773195876,0.05164948453608247
